÷§»Ø¥˙¬Î,÷§»Ø√˚≥∆,Ωª“◊ ±º‰,ø™≈Ãº€,◊Ó∏ﬂº€,◊ÓµÕº€, ’≈Ãº€,’«µ¯,’«µ¯∑˘%,≥…Ωª¡ø,≥…Ωª∂Ó
600760,÷–∫Ω…Ú∑…,2020-01-02,120.2338,121.7806,118.9889,119.9697,0.7545,0.6329,"8,138,775","259,471,132"
600760,÷–∫Ω…Ú∑…,2020-01-03,120.2715,124.2705,119.3661,123.5915,3.6217,3.0189,"16,751,728","543,653,168"
600760,÷–∫Ω…Ú∑…,2020-01-06,126.1191,129.0240,124.3837,125.0628,1.4713,1.1905,"17,125,229","572,508,496"
600760,÷–∫Ω…Ú∑…,2020-01-07,124.5723,126.5718,122.9878,125.1382,0.0754,0.0603,"8,738,074","290,171,120"
600760,÷–∫Ω…Ú∑…,2020-01-08,128.3450,128.9109,124.2328,126.4587,1.3204,1.0552,"15,494,704","521,662,368"
600760,÷–∫Ω…Ú∑…,2020-01-09,122.9878,123.3651,121.1393,122.2333,-4.2253,-3.3413,"10,090,357","327,110,464"
600760,÷–∫Ω…Ú∑…,2020-01-10,121.8560,122.9124,118.8379,120.6111,-1.6222,-1.3272,"12,117,895","387,043,568"
600760,÷–∫Ω…Ú∑…,2020-01-13,121.8560,121.8560,119.2907,120.4224,-0.1886,-0.1564,"5,772,752","183,675,848"
600760,÷–∫Ω…Ú∑…,2020-01-14,120.4224,121.2524,118.0834,118.3098,-2.1127,-1.7544,"8,325,283","263,459,006"
600760,÷–∫Ω…Ú∑…,2020-01-15,118.2343,118.5361,115.5557,116.1971,-2.1127,-1.7857,"9,487,001","293,110,784"
600760,÷–∫Ω…Ú∑…,2020-01-16,116.4989,118.1211,115.1408,115.3671,-0.8300,-0.7143,"9,030,288","278,726,480"
600760,÷–∫Ω…Ú∑…,2020-01-17,115.4426,116.4989,114.4617,115.8576,0.4904,0.4251,"6,717,747","206,071,177"
600760,÷–∫Ω…Ú∑…,2020-01-20,115.7821,118.0834,115.4426,117.2912,1.4336,1.2374,"7,497,165","232,202,943"
600760,÷–∫Ω…Ú∑…,2020-01-21,117.3289,117.3289,112.7263,113.3299,-3.9613,-3.3773,"12,703,562","384,503,584"
600760,÷–∫Ω…Ú∑…,2020-01-22,113.1790,113.4808,110.6513,112.8017,-0.5282,-0.4661,"7,141,440","212,040,410"
600760,÷–∫Ω…Ú∑…,2020-01-23,111.2927,113.9335,108.6518,109.4064,-3.3954,-3.0100,"9,004,640","264,443,576"
600760,÷–∫Ω…Ú∑…,2020-02-03,98.4657,99.2580,98.4657,98.4657,-10.9406,-10.0000,"10,939,545","285,728,368"
600760,÷–∫Ω…Ú∑…,2020-02-04,94.3158,100.5784,94.3158,100.0502,1.5845,1.6092,"14,098,231","369,324,944"
600760,÷–∫Ω…Ú∑…,2020-02-05,100.0125,104.5774,99.8239,100.8802,0.8300,0.8296,"13,573,861","366,785,648"
600760,÷–∫Ω…Ú∑…,2020-02-06,101.2952,103.4456,100.0125,102.8420,1.9618,1.9447,"11,456,514","310,263,648"
600760,÷–∫Ω…Ú∑…,2020-02-07,102.8043,103.5588,101.4084,103.3701,0.5282,0.5136,"11,485,942","311,504,272"
600760,÷–∫Ω…Ú∑…,2020-02-10,102.9929,104.9169,102.4270,104.8792,1.5090,1.4598,"11,328,253","310,718,592"
600760,÷–∫Ω…Ú∑…,2020-02-11,105.2565,105.4451,103.1815,103.2570,-1.6222,-1.5468,"10,676,772","293,870,944"
600760,÷–∫Ω…Ú∑…,2020-02-12,103.2570,103.2947,101.8611,103.0683,-0.1886,-0.1827,"12,243,611","332,914,464"
600760,÷–∫Ω…Ú∑…,2020-02-13,103.5588,104.1247,101.1820,101.4838,-1.5845,-1.5373,"13,996,248","380,130,112"
600760,÷–∫Ω…Ú∑…,2020-02-14,101.3707,102.3893,100.7670,101.6347,0.1509,0.1487,"10,093,229","271,730,672"
600760,÷–∫Ω…Ú∑…,2020-02-17,102.6156,111.5945,102.6156,111.1795,9.5448,9.3912,"28,683,395","817,908,784"
600760,÷–∫Ω…Ú∑…,2020-02-18,112.4245,112.9904,107.5200,108.7273,-2.4522,-2.2056,"26,491,341","770,383,648"
600760,÷–∫Ω…Ú∑…,2020-02-19,107.3314,110.8400,106.0110,108.1237,-0.6036,-0.5552,"20,227,318","582,278,176"
600760,÷–∫Ω…Ú∑…,2020-02-20,108.3123,109.3309,106.3883,108.9536,0.8300,0.7676,"16,245,758","464,599,072"
600760,÷–∫Ω…Ú∑…,2020-02-21,109.0668,110.7268,108.2746,110.5759,1.6222,1.4889,"20,823,412","604,601,840"
600760,÷–∫Ω…Ú∑…,2020-02-24,110.5381,113.1035,109.0291,112.4999,1.9240,1.7400,"20,727,483","609,387,536"
600760,÷–∫Ω…Ú∑…,2020-02-25,110.1609,111.1418,106.4260,109.4441,-3.0558,-2.7163,"18,589,784","538,665,072"
600760,÷–∫Ω…Ú∑…,2020-02-26,107.8973,112.9526,106.8410,110.2363,0.7923,0.7239,"23,905,708","701,877,872"
600760,÷–∫Ω…Ú∑…,2020-02-27,110.5381,112.4245,107.6332,109.6327,-0.6036,-0.5476,"16,371,601","477,290,176"
600760,÷–∫Ω…Ú∑…,2020-02-28,106.5769,108.1991,102.8043,104.8792,-4.7535,-4.3359,"20,215,747","565,080,160"
600760,÷–∫Ω…Ú∑…,2020-03-02,105.1810,108.4632,104.0115,107.3691,2.4899,2.3741,"13,945,611","394,652,704"
600760,÷–∫Ω…Ú∑…,2020-03-03,108.4632,112.1227,107.8596,109.1423,1.7731,1.6514,"19,912,497","581,440,064"
600760,÷–∫Ω…Ú∑…,2020-03-04,108.3123,111.2550,107.9350,110.1986,1.0563,0.9679,"12,463,744","362,906,704"
600760,÷–∫Ω…Ú∑…,2020-03-05,111.0286,111.5945,109.4064,110.3118,0.1132,0.1027,"14,171,188","414,011,696"
600760,÷–∫Ω…Ú∑…,2020-03-06,108.7273,110.4627,108.7273,109.1045,-1.2072,-1.0944,"9,858,413","286,112,640"
600760,÷–∫Ω…Ú∑…,2020-03-09,107.5955,108.1237,103.4079,104.0869,-5.0176,-4.5989,"16,268,351","454,572,080"
600760,÷–∫Ω…Ú∑…,2020-03-10,102.8043,106.5014,102.1252,106.5014,2.4145,2.3197,"11,040,815","305,920,464"
600760,÷–∫Ω…Ú∑…,2020-03-11,110.7645,117.1403,110.2741,117.1403,10.6388,9.9894,"58,284,407","1,785,804,656"
600760,÷–∫Ω…Ú∑…,2020-03-12,114.3108,119.9697,112.7640,115.9330,-1.2072,-1.0306,"44,005,953","1,357,005,808"
600760,÷–∫Ω…Ú∑…,2020-03-13,113.1790,118.7625,110.5381,115.9707,0.0377,0.0325,"30,843,033","944,903,360"
600760,÷–∫Ω…Ú∑…,2020-03-16,116.5366,118.7625,111.4436,112.0095,-3.9613,-3.4157,"24,454,036","748,593,936"
600760,÷–∫Ω…Ú∑…,2020-03-17,113.1790,115.2539,104.5397,107.1805,-4.8290,-4.3112,"22,498,691","647,109,728"
600760,÷–∫Ω…Ú∑…,2020-03-18,108.2368,108.8027,102.5024,102.5024,-4.6781,-4.3647,"21,939,097","617,506,096"
600760,÷–∫Ω…Ú∑…,2020-03-19,102.4270,104.0492,100.3520,103.3701,0.8677,0.8465,"14,458,500","392,975,552"
600760,÷–∫Ω…Ú∑…,2020-03-20,104.5019,104.6528,101.7856,102.9552,-0.4150,-0.4015,"12,528,029","342,240,512"
600760,÷–∫Ω…Ú∑…,2020-03-23,99.9748,102.4270,99.8616,100.3520,-2.6031,-2.5284,"10,107,089","271,381,728"
600760,÷–∫Ω…Ú∑…,2020-03-24,102.3138,103.6342,98.9939,103.5965,3.2445,3.2331,"13,242,978","357,124,864"
600760,÷–∫Ω…Ú∑…,2020-03-25,104.5019,104.8037,103.1061,104.6906,1.0941,1.0561,"10,429,080","287,735,760"
600760,÷–∫Ω…Ú∑…,2020-03-26,103.7851,105.2942,103.1815,103.9738,-0.7168,-0.6847,"7,016,310","193,493,125"
600760,÷–∫Ω…Ú∑…,2020-03-27,104.9169,107.1428,104.2378,105.5583,1.5845,1.5240,"9,722,822","272,089,200"
600760,÷–∫Ω…Ú∑…,2020-03-30,104.5019,111.2927,104.1247,109.2177,3.6595,3.4668,"16,843,469","481,257,584"
600760,÷–∫Ω…Ú∑…,2020-03-31,109.1045,109.9723,107.1805,108.0105,-1.2072,-1.1054,"10,737,081","308,490,304"
600760,÷–∫Ω…Ú∑…,2020-04-01,107.5200,108.1237,104.9547,105.1433,-2.8672,-2.6546,"9,359,364","263,838,009"
600760,÷–∫Ω…Ú∑…,2020-04-02,104.5397,106.7655,104.5397,106.6523,1.5090,1.4352,"5,804,052","163,197,081"
600760,÷–∫Ω…Ú∑…,2020-04-03,106.3883,108.8405,106.1242,106.9164,0.2641,0.2476,"6,742,608","192,078,370"
600760,÷–∫Ω…Ú∑…,2020-04-07,108.5764,113.5563,108.0859,113.4808,6.5644,6.1397,"19,590,216","576,570,080"
600760,÷–∫Ω…Ú∑…,2020-04-08,111.9717,116.5744,111.6699,115.4426,1.9618,1.7287,"18,800,339","570,509,248"
600760,÷–∫Ω…Ú∑…,2020-04-09,116.1594,117.9702,114.7258,116.9516,1.5090,1.3072,"17,178,815","531,033,120"
600760,÷–∫Ω…Ú∑…,2020-04-10,116.9516,119.4416,116.1971,118.2720,1.3204,1.1290,"18,538,589","578,288,880"
600760,÷–∫Ω…Ú∑…,2020-04-13,117.3289,120.1584,115.4048,118.0080,-0.2641,-0.2233,"12,565,264","391,920,176"
600760,÷–∫Ω…Ú∑…,2020-04-14,118.2720,119.3284,116.9516,118.8379,0.8300,0.7033,"11,499,730","360,316,704"
600760,÷–∫Ω…Ú∑…,2020-04-15,119.5547,120.1584,116.1971,118.0457,-0.7923,-0.6667,"11,258,795","353,677,104"
600760,÷–∫Ω…Ú∑…,2020-04-16,117.0648,129.2881,116.9516,125.0628,7.0171,5.9444,"31,038,716","1,022,175,584"
600760,÷–∫Ω…Ú∑…,2020-04-17,123.8933,124.6855,117.0271,117.3289,-7.7339,-6.1840,"25,746,403","822,631,536"
600760,÷–∫Ω…Ú∑…,2020-04-20,117.4043,118.8757,116.0085,118.1211,0.7923,0.6752,"13,727,419","428,102,352"
600760,÷–∫Ω…Ú∑…,2020-04-21,117.1403,120.6111,117.0648,118.3852,0.2641,0.2236,"13,236,357","415,851,104"
600760,÷–∫Ω…Ú∑…,2020-04-22,117.7062,119.4038,115.7067,118.3852,0.0000,0.0000,"8,245,692","257,371,870"
600760,÷–∫Ω…Ú∑…,2020-04-23,117.8193,121.2902,116.9516,118.8002,0.4150,0.3505,"13,415,555","424,633,328"
600760,÷–∫Ω…Ú∑…,2020-04-24,118.8379,119.7056,116.0462,118.1211,-0.6791,-0.5716,"11,638,268","363,031,744"
600760,÷–∫Ω…Ú∑…,2020-04-27,119.9697,122.6106,118.1589,119.6679,1.5468,1.3095,"22,657,282","722,743,600"
600760,÷–∫Ω…Ú∑…,2020-04-28,119.7811,125.4400,117.0648,124.3083,4.6404,3.8777,"25,455,022","826,438,944"
600760,÷–∫Ω…Ú∑…,2020-04-29,123.1765,126.7605,122.9124,125.9305,1.6222,1.3050,"16,413,693","544,720,480"
600760,÷–∫Ω…Ú∑…,2020-04-30,125.2514,128.7222,124.5723,126.3455,0.4150,0.3295,"16,819,732","567,491,392"
600760,÷–∫Ω…Ú∑…,2020-05-06,126.2323,132.2685,126.2323,131.2876,4.9421,3.9116,"18,758,664","646,096,624"
600760,÷–∫Ω…Ú∑…,2020-05-07,130.9481,131.3254,128.3827,129.7786,-1.5090,-1.1494,"10,974,529","378,451,056"
600760,÷–∫Ω…Ú∑…,2020-05-08,130.2313,131.8535,129.0240,129.5899,-0.1886,-0.1454,"11,898,220","411,315,088"
600760,÷–∫Ω…Ú∑…,2020-05-11,130.6463,134.2680,130.1936,131.6649,2.0750,1.6012,"12,898,988","452,147,344"
600760,÷–∫Ω…Ú∑…,2020-05-12,131.9290,133.0985,129.5145,131.0990,-0.5659,-0.4298,"9,889,977","343,393,696"
600760,÷–∫Ω…Ú∑…,2020-05-13,130.0804,132.4194,129.7031,132.0044,0.9054,0.6907,"7,935,847","276,529,488"
600760,÷–∫Ω…Ú∑…,2020-05-14,131.8535,133.3626,130.0427,132.4949,0.4904,0.3715,"9,261,989","323,483,568"
600760,÷–∫Ω…Ú∑…,2020-05-15,132.0422,132.4194,129.3259,130.7217,-1.7731,-1.3383,"10,391,270","359,986,640"
600760,÷–∫Ω…Ú∑…,2020-05-18,130.7217,136.3052,130.3445,134.3057,3.5840,2.7417,"16,535,889","590,630,976"
600760,÷–∫Ω…Ú∑…,2020-05-19,134.3057,135.6262,132.9853,135.4753,1.1695,0.8708,"9,713,855","345,723,712"
600760,÷–∫Ω…Ú∑…,2020-05-20,134.9093,136.0412,127.1377,128.7977,-6.6776,-4.9290,"20,577,919","712,125,824"
600760,÷–∫Ω…Ú∑…,2020-05-21,128.9863,130.5331,127.7036,128.3450,-0.4527,-0.3515,"12,403,253","424,086,848"
600760,÷–∫Ω…Ú∑…,2020-05-22,127.8923,129.2127,123.4783,123.7046,-4.6403,-3.6155,"11,966,954","399,354,896"
600760,÷–∫Ω…Ú∑…,2020-05-25,124.1951,126.3832,123.3274,124.3837,0.6791,0.5490,"8,490,796","281,308,080"
600760,÷–∫Ω…Ú∑…,2020-05-26,125.1382,125.5910,123.7424,125.1382,0.7545,0.6066,"7,411,775","245,110,733"
600760,÷–∫Ω…Ú∑…,2020-05-27,124.5346,126.0437,123.9687,124.6478,-0.4904,-0.3919,"7,418,077","245,483,178"
600760,÷–∫Ω…Ú∑…,2020-05-28,124.7987,125.4778,122.3842,125.4778,0.8300,0.6659,"9,462,999","311,435,552"
600760,÷–∫Ω…Ú∑…,2020-05-29,125.4778,126.7605,124.3460,126.7605,1.2827,1.0223,"8,024,650","267,149,583"
600760,÷–∫Ω…Ú∑…,2020-06-01,125.6287,128.8354,124.6101,128.3073,1.5468,1.2202,"11,725,004","395,822,400"
600760,÷–∫Ω…Ú∑…,2020-06-02,127.8545,129.9295,126.7605,127.0246,-1.2827,-0.9997,"7,478,605","253,901,793"
600760,÷–∫Ω…Ú∑…,2020-06-03,127.0623,127.8545,124.7610,125.6664,-1.3581,-1.0692,"8,314,608","278,369,952"
600760,÷–∫Ω…Ú∑…,2020-06-04,126.0060,126.2700,122.9878,123.2142,-2.4522,-1.9514,"9,816,228","323,289,072"
600760,÷–∫Ω…Ú∑…,2020-06-05,123.2142,123.9310,121.9315,122.8369,-0.3773,-0.3062,"4,810,723","156,534,255"
600760,÷–∫Ω…Ú∑…,2020-06-08,123.4028,126.1191,121.1015,124.3837,1.5468,1.2592,"11,378,745","373,264,704"
600760,÷–∫Ω…Ú∑…,2020-06-09,124.4969,124.8364,121.4788,123.5915,-0.7923,-0.6370,"8,684,534","283,424,208"
600760,÷–∫Ω…Ú∑…,2020-06-10,123.3274,124.1951,121.4788,123.1387,-0.4527,-0.3663,"7,998,145","259,976,246"
600760,÷–∫Ω…Ú∑…,2020-06-11,123.1765,123.7046,121.4788,122.3088,-0.8300,-0.6740,"7,007,788","228,137,892"
600760,÷–∫Ω…Ú∑…,2020-06-12,121.0638,123.1765,120.1961,123.1765,0.8677,0.7095,"7,937,771","256,925,286"
600760,÷–∫Ω…Ú∑…,2020-06-15,122.9501,122.9501,120.2715,120.2715,-2.9049,-2.3584,"7,563,911","243,532,246"
600760,÷–∫Ω…Ú∑…,2020-06-16,120.7620,122.8369,120.7620,122.2333,1.9618,1.6311,"8,024,944","259,387,513"
600760,÷–∫Ω…Ú∑…,2020-06-17,124.3083,127.3641,122.9878,126.0437,3.8104,3.1173,"17,568,658","584,951,024"
600760,÷–∫Ω…Ú∑…,2020-06-18,124.5346,124.6855,120.6865,121.7806,-4.2631,-3.3822,"14,407,207","465,470,144"
600760,÷–∫Ω…Ú∑…,2020-06-19,121.4716,121.9265,120.8273,121.8507,0.0701,0.0575,"8,142,118","260,707,181"
600760,÷–∫Ω…Ú∑…,2020-06-22,121.8128,122.6087,121.2822,122.4950,0.6443,0.5288,"8,271,998","266,346,736"
600760,÷–∫Ω…Ú∑…,2020-06-23,122.3434,123.9731,121.2822,123.9352,1.4402,1.1757,"8,718,955","282,134,192"
600760,÷–∫Ω…Ú∑…,2020-06-24,123.9352,123.9352,121.8507,122.2297,-1.7055,-1.3762,"7,041,307","227,804,480"
600760,÷–∫Ω…Ú∑…,2020-06-29,121.6611,124.8827,120.9410,123.6699,1.4402,1.1783,"9,307,129","302,709,152"
600760,÷–∫Ω…Ú∑…,2020-06-30,123.8973,124.8827,123.1014,124.3900,0.7201,0.5823,"8,477,488","277,698,480"
600760,÷–∫Ω…Ú∑…,2020-07-01,125.0722,128.1043,123.9352,128.1043,3.7143,2.9860,"15,726,575","522,264,576"
600760,÷–∫Ω…Ú∑…,2020-07-02,128.2938,128.2938,126.7398,127.3084,-0.7959,-0.6213,"12,988,644","436,400,720"
600760,÷–∫Ω…Ú∑…,2020-07-03,128.0285,135.8739,127.5358,133.4862,6.1778,4.8526,"25,846,467","903,664,320"
600760,÷–∫Ω…Ú∑…,2020-07-06,136.0634,146.8272,136.0634,146.8272,13.3410,9.9943,"28,138,099","1,075,764,128"
600760,÷–∫Ω…Ú∑…,2020-07-07,154.2557,161.4948,152.3986,161.4948,14.6676,9.9897,"25,667,441","1,066,718,304"
600760,÷–∫Ω…Ú∑…,2020-07-08,169.5676,177.6404,167.5210,177.6404,16.1457,9.9976,"27,090,077","1,247,938,704"
600760,÷–∫Ω…Ú∑…,2020-07-09,195.4159,195.4159,195.4159,195.4159,17.7754,10.0064,"3,021,109","155,768,380"
600760,÷–∫Ω…Ú∑…,2020-07-10,214.9726,214.9726,214.9726,214.9726,19.5568,10.0078,"8,391,490","475,965,312"
600760,÷–∫Ω…Ú∑…,2020-07-13,208.4537,226.9492,193.9756,221.7189,6.7463,3.1382,"79,636,567","4,369,316,864"
600760,÷–∫Ω…Ú∑…,2020-07-14,216.0338,243.8908,214.1767,223.7656,2.0466,0.9231,"74,467,491","4,464,470,528"
600760,÷–∫Ω…Ú∑…,2020-07-15,226.3049,235.0600,207.3167,217.1329,-6.6326,-2.9641,"59,840,479","3,543,923,232"
600760,÷–∫Ω…Ú∑…,2020-07-16,210.5382,223.7277,196.2497,204.8910,-12.2419,-5.6380,"53,942,422","3,022,328,368"
600760,÷–∫Ω…Ú∑…,2020-07-17,206.5587,225.3953,197.8415,225.3953,20.5043,10.0074,"55,323,777","3,170,242,176"
600760,÷–∫Ω…Ú∑…,2020-07-20,234.2262,247.9462,233.4681,247.9462,22.5509,10.0050,"17,992,156","1,152,175,840"
600760,÷–∫Ω…Ú∑…,2020-07-21,266.8207,272.5058,229.9055,230.5877,-17.3585,-7.0009,"75,968,691","4,918,441,984"
600760,÷–∫Ω…Ú∑…,2020-07-22,227.3661,244.0424,227.3661,233.9987,3.4111,1.4793,"59,506,312","3,714,663,712"
600760,÷–∫Ω…Ú∑…,2020-07-23,238.6226,257.3835,229.2612,257.3835,23.3847,9.9935,"67,866,270","4,418,942,208"
600760,÷–∫Ω…Ú∑…,2020-07-24,263.9024,282.3600,246.3544,249.3864,-7.9971,-3.1071,"79,536,085","5,624,794,880"
600760,÷–∫Ω…Ú∑…,2020-07-27,242.9812,260.3018,226.0775,249.9549,0.5685,0.2280,"52,474,483","3,346,061,616"
600760,÷–∫Ω…Ú∑…,2020-07-28,244.0803,255.3368,236.9929,241.6168,-8.3381,-3.3359,"34,487,175","2,227,173,632"
600760,÷–∫Ω…Ú∑…,2020-07-29,238.7742,247.9841,233.9987,245.2173,3.6005,1.4902,"37,441,027","2,385,796,144"
600760,÷–∫Ω…Ú∑…,2020-07-30,244.4214,257.4214,237.0308,248.4389,3.2216,1.3138,"42,506,329","2,757,418,944"
600760,÷–∫Ω…Ú∑…,2020-07-31,246.9229,248.4389,238.5089,242.2990,-6.1399,-2.4714,"30,118,600","1,928,846,352"
600760,÷–∫Ω…Ú∑…,2020-08-03,245.7859,265.0773,240.7451,260.7187,18.4197,7.6021,"48,370,324","3,268,693,936"
600760,÷–∫Ω…Ú∑…,2020-08-04,253.9724,255.4505,241.8063,241.8063,-18.9124,-7.2540,"40,992,077","2,667,293,680"
600760,÷–∫Ω…Ú∑…,2020-08-05,238.3194,250.8266,235.0221,245.4068,3.6006,1.4890,"33,247,891","2,151,816,688"
600760,÷–∫Ω…Ú∑…,2020-08-06,244.4593,269.9665,244.0045,269.9665,24.5597,10.0077,"63,596,725","4,405,234,176"
600760,÷–∫Ω…Ú∑…,2020-08-07,261.5146,293.6923,252.6459,278.1909,8.2245,3.0465,"61,493,100","4,360,990,208"
600760,÷–∫Ω…Ú∑…,2020-08-10,273.1122,298.2783,263.4097,263.5992,-14.5918,-5.2452,"51,654,670","3,794,724,848"
600760,÷–∫Ω…Ú∑…,2020-08-11,256.2085,272.1268,251.0919,256.9666,-6.6326,-2.5162,"34,128,969","2,342,007,552"
600760,÷–∫Ω…Ú∑…,2020-08-12,253.9345,263.4097,241.2757,248.8558,-8.1107,-3.1563,"32,240,299","2,139,178,496"
600760,÷–∫Ω…Ú∑…,2020-08-13,250.0686,254.6925,244.0045,245.8238,-3.0321,-1.2184,"27,108,390","1,788,694,224"
600760,÷–∫Ω…Ú∑…,2020-08-14,242.5264,258.5584,240.2903,250.7130,4.8892,1.9889,"30,366,724","2,010,358,016"
600760,÷–∫Ω…Ú∑…,2020-08-17,250.1444,261.0598,244.8383,257.8762,7.1632,2.8571,"29,964,713","2,010,054,656"
600760,÷–∫Ω…Ú∑…,2020-08-18,255.2989,267.2755,255.0715,257.9899,0.1137,0.0441,"26,601,178","1,824,536,304"
600760,÷–∫Ω…Ú∑…,2020-08-19,255.4126,256.1706,243.2465,243.8150,-14.1748,-5.4943,"25,551,866","1,679,045,392"
600760,÷–∫Ω…Ú∑…,2020-08-20,242.5643,246.2786,226.2670,227.0629,-16.7521,-6.8708,"34,742,919","2,137,510,656"
600760,÷–∫Ω…Ú∑…,2020-08-21,230.7791,234.0385,225.3972,228.8840,1.8211,0.8020,"22,156,288","1,343,558,224"
600760,÷–∫Ω…Ú∑…,2020-08-24,231.0065,234.1902,225.7762,229.7937,0.9096,0.3974,"13,294,308","804,075,024"
600760,÷–∫Ω…Ú∑…,2020-08-25,229.8695,230.7412,218.1203,220.5838,-9.2099,-4.0079,"22,869,956","1,341,673,904"
600760,÷–∫Ω…Ú∑…,2020-08-26,222.0998,225.4730,215.5809,217.3243,-3.2595,-1.4777,"14,512,955","841,651,664"
600760,÷–∫Ω…Ú∑…,2020-08-27,219.7121,221.6071,216.4147,219.4468,2.1225,0.9766,"13,106,465","757,994,512"
600760,÷–∫Ω…Ú∑…,2020-08-28,220.8472,228.5410,218.0047,222.0979,2.6511,1.2081,"21,544,462","1,261,411,712"
600760,÷–∫Ω…Ú∑…,2020-08-31,222.2874,230.2845,217.9289,223.8035,1.7055,0.7679,"28,170,981","1,671,943,184"
600760,÷–∫Ω…Ú∑…,2020-09-01,224.9784,231.8005,222.5148,228.1620,4.3586,1.9475,"29,923,881","1,803,831,728"
600760,÷–∫Ω…Ú∑…,2020-09-02,227.7830,227.8209,216.4128,217.9289,-10.2332,-4.4851,"24,485,463","1,426,432,736"
600760,÷–∫Ω…Ú∑…,2020-09-03,215.9959,217.7394,210.6519,215.6548,-2.2740,-1.0435,"19,219,686","1,082,949,664"
600760,÷–∫Ω…Ú∑…,2020-09-04,212.2438,218.7627,211.7132,217.0192,1.3644,0.6327,"13,589,552","774,247,456"
600760,÷–∫Ω…Ú∑…,2020-09-07,217.0192,217.0192,207.7336,209.0222,-7.9970,-3.6849,"13,298,288","742,999,056"
600760,÷–∫Ω…Ú∑…,2020-09-08,209.0222,213.0018,206.5966,212.3196,3.2973,1.5775,"10,733,237","594,144,320"
600760,÷–∫Ω…Ú∑…,2020-09-09,208.4916,227.0250,207.9610,219.6723,7.3527,3.4630,"26,719,948","1,535,708,112"
600760,÷–∫Ω…Ú∑…,2020-09-10,219.0659,219.1417,209.1359,209.3633,-10.3090,-4.6929,"15,313,387","866,320,528"
600760,÷–∫Ω…Ú∑…,2020-09-11,207.7336,211.0309,199.9639,204.1709,-5.1924,-2.4801,"20,180,317","1,085,987,808"
600760,÷–∫Ω…Ú∑…,2020-09-14,204.1709,206.5208,200.3430,201.3663,-2.8046,-1.3737,"13,236,383","708,280,080"
600760,÷–∫Ω…Ú∑…,2020-09-15,201.8211,205.0426,200.3050,204.3225,2.9563,1.4681,"11,048,198","591,268,080"
600760,÷–∫Ω…Ú∑…,2020-09-16,204.5878,205.4595,200.4946,200.9494,-3.3732,-1.6509,"8,820,142","470,584,672"
600760,÷–∫Ω…Ú∑…,2020-09-17,201.7453,205.0805,197.6520,202.0106,1.0612,0.5281,"10,595,304","562,806,944"
600760,÷–∫Ω…Ú∑…,2020-09-18,203.9056,210.9173,202.7686,210.2729,8.2623,4.0901,"18,519,262","1,019,362,608"
600760,÷–∫Ω…Ú∑…,2020-09-21,215.0484,229.5644,214.8968,221.3399,11.0670,5.2632,"30,253,872","1,781,996,256"
600760,÷–∫Ω…Ú∑…,2020-09-22,216.2612,217.2846,210.4245,211.9406,-9.3994,-4.2466,"14,736,820","827,940,512"
600760,÷–∫Ω…Ú∑…,2020-09-23,210.6140,214.0630,206.9377,212.5849,0.6443,0.3040,"9,665,260","536,201,344"
600760,÷–∫Ω…Ú∑…,2020-09-24,209.2496,211.2583,204.0572,204.7015,-7.8833,-3.7083,"9,423,111","514,433,232"
600760,÷–∫Ω…Ú∑…,2020-09-25,206.1797,208.7569,203.8677,204.2846,-0.4169,-0.2037,"8,024,944","435,344,512"
600760,÷–∫Ω…Ú∑…,2020-09-28,203.9056,208.3779,202.2759,205.0426,0.7580,0.3711,"7,958,902","431,400,432"
600760,÷–∫Ω…Ú∑…,2020-09-29,208.0747,218.9901,206.8998,217.2088,12.1661,5.9335,"20,430,617","1,159,214,048"
600760,÷–∫Ω…Ú∑…,2020-09-30,217.5499,218.6111,212.7365,217.1329,-0.0758,-0.0349,"11,234,196","640,709,664"
600760,÷–∫Ω…Ú∑…,2020-10-09,219.8239,220.7335,214.7452,220.7335,3.6006,1.6582,"14,176,070","815,592,016"
600760,÷–∫Ω…Ú∑…,2020-10-12,224.5615,242.5643,221.8326,234.1503,13.4168,6.0783,"29,516,175","1,809,232,624"
600760,÷–∫Ω…Ú∑…,2020-10-13,231.1941,236.5002,229.2991,235.9696,1.8192,0.7769,"13,811,273","847,890,432"
600760,÷–∫Ω…Ú∑…,2020-10-14,239.2290,250.9024,237.3340,244.2698,8.3002,3.5175,"27,607,382","1,779,336,624"
600760,÷–∫Ω…Ú∑…,2020-10-15,241.5789,248.4389,241.5789,243.1328,-1.1370,-0.4655,"16,040,332","1,037,457,312"
600760,÷–∫Ω…Ú∑…,2020-10-16,242.5643,245.5964,229.2991,230.2845,-12.8483,-5.2845,"17,390,174","1,076,375,712"
600760,÷–∫Ω…Ú∑…,2020-10-19,232.8238,233.6577,227.6693,231.3836,1.0991,0.4773,"11,145,569","681,013,328"
600760,÷–∫Ω…Ú∑…,2020-10-20,231.1941,232.3311,224.5236,231.1941,-0.1895,-0.0819,"12,269,374","740,272,624"
600760,÷–∫Ω…Ú∑…,2020-10-21,230.8909,231.8005,219.6344,221.5294,-9.6647,-4.1803,"14,020,983","830,250,320"
600760,÷–∫Ω…Ú∑…,2020-10-22,220.9609,221.2641,213.0018,220.0134,-1.5160,-0.6844,"9,166,982","525,781,168"
600760,÷–∫Ω…Ú∑…,2020-10-23,220.0134,222.4390,211.1446,211.9406,-8.0728,-3.6693,"8,729,740","497,926,864"
600760,÷–∫Ω…Ú∑…,2020-10-26,212.1301,216.2991,209.8560,215.9959,4.0554,1.9135,"7,646,155","431,858,464"
600760,÷–∫Ω…Ú∑…,2020-10-27,214.1388,218.2321,212.2817,216.6023,0.6064,0.2807,"8,515,869","483,576,416"
600760,÷–∫Ω…Ú∑…,2020-10-28,217.0192,217.0950,210.3487,215.8822,-0.7201,-0.3325,"8,116,602","457,539,248"
600760,÷–∫Ω…Ú∑…,2020-10-29,212.2438,214.5936,210.5382,214.0630,-1.8192,-0.8427,"7,721,999","433,449,024"
600760,÷–∫Ω…Ú∑…,2020-10-30,218.0426,221.7189,195.1885,196.4392,-17.6238,-8.2330,"26,223,745","1,428,069,120"
600760,÷–∫Ω…Ú∑…,2020-11-02,195.0748,200.4188,191.3984,199.2438,2.8046,1.4277,"14,479,260","755,985,952"
600760,÷–∫Ω…Ú∑…,2020-11-03,199.2438,205.5733,198.2205,204.2846,5.0408,2.5300,"11,278,881","603,007,552"
600760,÷–∫Ω…Ú∑…,2020-11-04,204.2088,216.5266,201.9727,212.5849,8.3002,4.0631,"16,465,765","909,448,096"
600760,÷–∫Ω…Ú∑…,2020-11-05,208.6432,212.1680,203.7540,206.8998,-5.6851,-2.6743,"11,830,927","646,921,920"
600760,÷–∫Ω…Ú∑…,2020-11-06,202.7686,207.1272,195.2643,198.7890,-8.1107,-3.9201,"14,429,468","759,051,856"
600760,÷–∫Ω…Ú∑…,2020-11-09,197.0835,204.6257,195.0748,202.4275,3.6385,1.8303,"11,702,798","619,016,064"
600760,÷–∫Ω…Ú∑…,2020-11-10,201.6316,203.5645,197.8794,198.9027,-3.5248,-1.7412,"8,157,799","429,624,992"
600760,÷–∫Ω…Ú∑…,2020-11-11,198.2205,201.2526,193.2934,194.0514,-4.8513,-2.4390,"9,361,296","485,059,392"
600760,÷–∫Ω…Ú∑…,2020-11-12,194.4684,199.1301,193.5966,196.0223,1.9708,1.0156,"6,342,212","328,386,816"
600760,÷–∫Ω…Ú∑…,2020-11-13,196.0223,203.5266,194.2788,199.4712,3.4490,1.7595,"13,031,236","685,355,968"
600760,÷–∫Ω…Ú∑…,2020-11-16,200.0397,209.5907,200.0397,203.5266,4.0554,2.0331,"16,219,166","873,500,560"
600760,÷–∫Ω…Ú∑…,2020-11-17,202.7686,202.7686,190.2614,192.9144,-10.6122,-5.2142,"15,690,918","800,964,560"
600760,÷–∫Ω…Ú∑…,2020-11-18,193.2934,196.0981,190.5646,195.2263,2.3119,1.1984,"8,956,352","458,419,936"
600760,÷–∫Ω…Ú∑…,2020-11-19,193.2934,214.1388,191.4363,211.3721,16.1457,8.2702,"28,626,637","1,561,386,368"
600760,÷–∫Ω…Ú∑…,2020-11-20,211.3341,219.7481,208.1505,212.5091,1.1370,0.5379,"24,906,462","1,401,177,536"
600760,÷–∫Ω…Ú∑…,2020-11-23,210.3487,216.2991,208.4537,212.1301,-0.3790,-0.1783,"15,367,450","862,572,272"
600760,÷–∫Ω…Ú∑…,2020-11-24,211.3721,217.1329,206.4450,207.7336,-4.3965,-2.0725,"14,264,049","795,731,520"
600760,÷–∫Ω…Ú∑…,2020-11-25,205.8006,207.2030,200.1155,200.3050,-7.4285,-3.5760,"10,574,050","566,184,816"
600760,÷–∫Ω…Ú∑…,2020-11-26,201.6316,206.9756,198.2584,205.2700,4.9650,2.4787,"12,910,184","692,977,744"
600760,÷–∫Ω…Ú∑…,2020-11-27,205.4216,225.8122,204.0951,225.7743,20.5043,9.9889,"40,142,818","2,345,954,784"
600760,÷–∫Ω…Ú∑…,2020-11-30,226.6460,237.8267,220.6198,230.1708,4.3965,1.9473,"40,618,660","2,477,785,152"
600760,÷–∫Ω…Ú∑…,2020-12-01,230.1708,243.6255,228.1620,237.7509,7.5801,3.2933,"27,788,437","1,737,396,736"
600760,÷–∫Ω…Ú∑…,2020-12-02,234.9842,244.2319,233.0891,236.5381,-1.2128,-0.5101,"24,746,237","1,555,092,480"
600760,÷–∫Ω…Ú∑…,2020-12-03,235.7422,238.5468,233.2786,236.8792,0.3411,0.1442,"13,539,213","842,076,912"
600760,÷–∫Ω…Ú∑…,2020-12-04,233.2407,239.9113,228.0862,237.6372,0.7580,0.3200,"17,765,696","1,098,385,648"
600760,÷–∫Ω…Ú∑…,2020-12-07,236.8034,239.4943,231.3836,237.9404,0.3032,0.1276,"18,404,254","1,147,105,328"
600760,÷–∫Ω…Ú∑…,2020-12-08,235.7801,247.4914,231.6110,235.3632,-2.5772,-1.0831,"17,697,262","1,111,861,552"
600760,÷–∫Ω…Ú∑…,2020-12-09,232.7101,237.6372,220.8851,221.7189,-13.6442,-5.7971,"21,124,908","1,275,498,368"
600760,÷–∫Ω…Ú∑…,2020-12-10,222.9697,234.8705,221.7189,230.7772,9.0583,4.0855,"18,489,986","1,117,519,248"
600760,÷–∫Ω…Ú∑…,2020-12-11,230.8909,231.9521,219.8239,224.1067,-6.6705,-2.8905,"12,294,437","727,999,840"
600760,÷–∫Ω…Ú∑…,2020-12-14,223.3107,245.5964,223.3107,240.1008,15.9941,7.1368,"23,668,393","1,490,003,216"
600760,÷–∫Ω…Ú∑…,2020-12-15,242.5264,251.4709,237.4477,244.9520,4.8513,2.0205,"22,533,439","1,460,838,960"
600760,÷–∫Ω…Ú∑…,2020-12-16,242.5643,247.6051,237.3340,241.9958,-2.9562,-1.2069,"17,609,017","1,122,375,424"
600760,÷–∫Ω…Ú∑…,2020-12-17,239.1532,241.6168,231.8763,240.2523,-1.7434,-0.7204,"14,152,015","887,277,248"
600760,÷–∫Ω…Ú∑…,2020-12-18,239.2670,242.1853,233.6577,235.4769,-4.7755,-1.9877,"13,843,175","869,522,624"
600760,÷–∫Ω…Ú∑…,2020-12-21,241.0104,255.3368,236.8792,254.6925,19.2156,8.1603,"24,696,175","1,617,757,888"
600760,÷–∫Ω…Ú∑…,2020-12-22,253.4797,260.1123,249.0074,249.0074,-5.6851,-2.2321,"19,592,274","1,316,382,624"
600760,÷–∫Ω…Ú∑…,2020-12-23,251.6605,273.9081,247.1124,273.9081,24.9007,10.0000,"31,329,273","2,176,910,288"
600760,÷–∫Ω…Ú∑…,2020-12-24,279.7070,299.4532,273.8324,277.0918,3.1837,1.1623,"40,392,181","3,055,425,408"
600760,÷–∫Ω…Ú∑…,2020-12-25,280.4650,285.5058,268.7916,282.7390,5.6472,2.0380,"23,332,505","1,712,935,184"
600760,÷–∫Ω…Ú∑…,2020-12-28,282.3600,293.7302,272.1268,277.6224,-5.1166,-1.8096,"29,328,416","2,163,628,096"
600760,÷–∫Ω…Ú∑…,2020-12-29,276.2580,280.4650,266.8207,272.1268,-5.4956,-1.9795,"19,168,691","1,386,238,800"
600760,÷–∫Ω…Ú∑…,2020-12-30,270.3455,288.6136,270.2318,279.3279,7.2011,2.6462,"22,879,951","1,685,146,864"
600760,÷–∫Ω…Ú∑…,2020-12-31,278.1909,298.9605,276.2959,296.3075,16.9795,6.0787,"25,738,292","1,956,650,976"
600760,÷–∫Ω…Ú∑…,2021-01-04,308.1325,325.9458,303.2054,325.9458,29.6383,10.0026,"31,054,031","2,603,661,808"
600760,÷–∫Ω…Ú∑…,2021-01-05,329.7358,355.5083,325.9458,339.1352,13.1895,4.0465,"36,072,376","3,217,672,416"
600760,÷–∫Ω…Ú∑…,2021-01-06,334.5871,362.5578,332.6542,351.6803,12.5451,3.6991,"28,894,621","2,668,129,696"
600760,÷–∫Ω…Ú∑…,2021-01-07,345.7679,379.5752,343.0011,365.7415,14.0612,3.9983,"31,230,421","2,977,565,216"
600760,÷–∫Ω…Ú∑…,2021-01-08,364.6045,374.4586,344.9719,361.7619,-3.9796,-1.0881,"27,811,482","2,621,213,808"
600760,÷–∫Ω…Ú∑…,2021-01-11,371.0476,373.1321,329.7358,334.3976,-27.3643,-7.5642,"36,374,545","3,357,092,352"
600760,÷–∫Ω…Ú∑…,2021-01-12,336.9749,354.4850,336.9749,352.6658,18.2681,5.4630,"27,720,618","2,535,582,912"
600760,÷–∫Ω…Ú∑…,2021-01-13,355.7736,365.0214,337.9982,344.7066,-7.9592,-2.2569,"31,128,534","2,879,020,928"
600760,÷–∫Ω…Ú∑…,2021-01-14,337.3160,337.3160,310.2549,310.8234,-33.8832,-9.8296,"40,520,744","3,380,046,912"
600760,÷–∫Ω…Ú∑…,2021-01-15,310.8234,318.3277,298.9984,316.8496,6.0262,1.9388,"28,304,966","2,319,659,744"
600760,÷–∫Ω…Ú∑…,2021-01-18,316.8496,328.9020,312.7184,323.6718,6.8221,2.1531,"26,750,228","2,277,732,800"
600760,÷–∫Ω…Ú∑…,2021-01-19,317.9108,324.2403,304.6456,309.1937,-14.4781,-4.4731,"26,954,815","2,225,004,544"
600760,÷–∫Ω…Ú∑…,2021-01-20,306.9955,321.5493,304.3424,317.6455,8.4518,2.7335,"21,682,706","1,798,007,552"
600760,÷–∫Ω…Ú∑…,2021-01-21,317.3044,323.4064,310.4065,319.2752,1.6297,0.5131,"28,011,866","2,343,208,544"
600760,÷–∫Ω…Ú∑…,2021-01-22,316.8496,329.5463,311.8088,329.5085,10.2332,3.2051,"33,124,378","2,804,715,424"
600760,÷–∫Ω…Ú∑…,2021-01-25,337.3160,361.2692,336.8612,343.6075,14.0991,4.2788,"38,823,947","3,566,097,616"
600760,÷–∫Ω…Ú∑…,2021-01-26,336.8612,340.2343,309.2316,309.2316,-34.3760,-10.0044,"33,831,207","2,840,004,304"
600760,÷–∫Ω…Ú∑…,2021-01-27,303.5844,312.6048,298.6194,305.4415,-3.7901,-1.2256,"19,013,031","1,530,008,432"
600760,÷–∫Ω…Ú∑…,2021-01-28,298.2783,308.1703,293.2375,296.8381,-8.6034,-2.8167,"19,374,684","1,536,292,432"
600760,÷–∫Ω…Ú∑…,2021-01-29,299.0363,302.3716,283.9897,291.3046,-5.5335,-1.8642,"19,985,173","1,546,696,848"
600760,÷–∫Ω…Ú∑…,2021-02-01,291.8352,299.9838,291.7594,296.0042,4.6997,1.6133,"12,191,957","952,641,344"
600760,÷–∫Ω…Ú∑…,2021-02-02,299.4153,306.8059,292.9722,304.0392,8.0349,2.7145,"15,764,105","1,250,891,008"
600760,÷–∫Ω…Ú∑…,2021-02-03,304.3424,304.3424,284.4445,285.8090,-18.2302,-5.9960,"18,918,773","1,458,969,152"
600760,÷–∫Ω…Ú∑…,2021-02-04,282.5874,289.9402,279.4417,283.4970,-2.3120,-0.8089,"14,471,584","1,084,992,976"
600760,÷–∫Ω…Ú∑…,2021-02-05,288.0451,291.3803,276.2959,276.7886,-6.7084,-2.3663,"12,221,923","913,770,048"
600760,÷–∫Ω…Ú∑…,2021-02-08,279.8586,285.7711,272.9606,284.2929,7.5043,2.7112,"12,439,044","924,056,384"
600760,÷–∫Ω…Ú∑…,2021-02-09,287.5524,312.7184,283.3454,312.6805,28.3876,9.9853,"25,331,951","2,020,249,952"
600760,÷–∫Ω…Ú∑…,2021-02-10,311.5435,311.5435,296.0042,306.3132,-6.3673,-2.0364,"21,771,343","1,737,668,704"
600760,÷–∫Ω…Ú∑…,2021-02-18,307.0334,310.1033,299.3774,304.3424,-1.9708,-0.6434,"14,855,673","1,190,889,488"
600760,÷–∫Ω…Ú∑…,2021-02-19,305.1004,314.5756,303.5844,309.1558,4.8134,1.5816,"15,098,988","1,227,968,784"
600760,÷–∫Ω…Ú∑…,2021-02-22,309.2695,309.8001,283.3833,284.6340,-24.5218,-7.9318,"21,953,778","1,707,483,536"
600760,÷–∫Ω…Ú∑…,2021-02-23,276.8644,300.0975,275.3484,296.1180,11.4839,4.0346,"20,522,517","1,584,624,320"
600760,÷–∫Ω…Ú∑…,2021-02-24,299.1500,306.7301,294.4882,303.1675,7.0495,2.3806,"19,490,169","1,549,185,600"
600760,÷–∫Ω…Ú∑…,2021-02-25,303.2054,328.9778,299.6048,321.3977,18.2302,6.0133,"27,631,844","2,304,190,080"
600760,÷–∫Ω…Ú∑…,2021-02-26,312.9459,324.4297,299.4153,307.3745,-14.0233,-4.3632,"23,186,885","1,898,046,032"
600760,÷–∫Ω…Ú∑…,2021-03-01,309.4590,312.6426,298.9605,312.6426,5.2682,1.7139,"14,926,732","1,207,391,552"
600760,÷–∫Ω…Ú∑…,2021-03-02,314.0070,319.1616,304.0771,318.5172,5.8746,1.8790,"19,570,732","1,613,318,240"
600760,÷–∫Ω…Ú∑…,2021-03-03,311.5435,317.1528,308.8905,314.5756,-3.9417,-1.2375,"11,741,999","970,465,552"
600760,÷–∫Ω…Ú∑…,2021-03-04,311.8846,324.2403,304.1529,306.6165,-7.9591,-2.5301,"17,627,557","1,465,838,960"
600760,÷–∫Ω…Ú∑…,2021-03-05,298.4299,298.5815,275.9927,278.4183,-28.1981,-9.1965,"24,636,426","1,850,560,352"
600760,÷–∫Ω…Ú∑…,2021-03-08,278.4562,280.0860,250.5613,250.5613,-27.8570,-10.0055,"28,037,279","1,921,330,768"
600760,÷–∫Ω…Ú∑…,2021-03-09,246.3544,248.6284,227.8209,234.1125,-16.4489,-6.5648,"21,803,985","1,363,529,696"
600760,÷–∫Ω…Ú∑…,2021-03-10,238.7742,241.4273,230.3982,232.6722,-1.4402,-0.6152,"14,753,616","910,940,336"
600760,÷–∫Ω…Ú∑…,2021-03-11,232.9375,241.3515,229.4886,239.0774,6.4052,2.7529,"13,964,953","872,969,648"
600760,÷–∫Ω…Ú∑…,2021-03-12,238.9258,238.9258,229.7539,235.4390,-3.6385,-1.5219,"11,149,174","687,257,232"
600760,÷–∫Ω…Ú∑…,2021-03-15,235.1737,239.6460,228.5790,232.0279,-3.4110,-1.4488,"11,758,992","726,735,856"
600760,÷–∫Ω…Ú∑…,2021-03-16,231.1941,234.5673,225.5090,229.1475,-2.8805,-1.2414,"9,330,865","565,522,944"
600760,÷–∫Ω…Ú∑…,2021-03-17,230.2466,233.8092,228.1620,230.8151,1.6676,0.7278,"8,121,502","495,751,216"
600760,÷–∫Ω…Ú∑…,2021-03-18,229.2991,237.8267,228.8064,234.1503,3.3353,1.4450,"10,891,920","672,081,808"
600760,÷–∫Ω…Ú∑…,2021-03-19,230.3982,250.1444,228.9958,240.6693,6.5189,2.7841,"21,914,372","1,390,924,416"
600760,÷–∫Ω…Ú∑…,2021-03-22,238.0162,240.4040,232.2553,238.9637,-1.7055,-0.7087,"12,735,856","794,945,232"
600760,÷–∫Ω…Ú∑…,2021-03-23,237.8267,243.5876,236.3107,242.4885,3.5248,1.4750,"11,362,944","722,009,184"
600760,÷–∫Ω…Ú∑…,2021-03-24,240.5177,244.8383,226.1533,229.2233,-13.2652,-5.4705,"15,979,905","979,409,744"
600760,÷–∫Ω…Ú∑…,2021-03-25,227.4040,233.0133,225.5469,228.9201,-0.3032,-0.1323,"8,658,524","524,181,712"
600760,÷–∫Ω…Ú∑…,2021-03-26,228.9201,237.1066,228.6169,236.0075,7.0874,3.0960,"10,651,748","659,351,840"
600760,÷–∫Ω…Ú∑…,2021-03-29,239.9492,245.3689,237.5235,238.4331,2.4256,1.0278,"12,333,982","785,147,552"
600760,÷–∫Ω…Ú∑…,2021-03-30,253.0628,262.2726,247.4914,262.2726,23.8395,9.9984,"30,227,654","2,067,119,952"
600760,÷–∫Ω…Ú∑…,2021-03-31,260.3776,261.8936,244.7625,246.0133,-16.2594,-6.1994,"27,391,696","1,813,264,752"
600760,÷–∫Ω…Ú∑…,2021-04-01,248.3631,252.4185,244.5730,251.9637,5.9504,2.4187,"13,183,089","865,576,496"
600760,÷–∫Ω…Ú∑…,2021-04-02,249.2348,254.6925,245.5964,250.4855,-1.4781,-0.5867,"13,360,799","879,020,560"
600760,÷–∫Ω…Ú∑…,2021-04-06,250.7130,256.1706,250.7130,253.8208,3.3353,1.3315,"12,251,066","819,081,424"
600760,÷–∫Ω…Ú∑…,2021-04-07,251.2815,251.6605,245.5206,247.3777,-6.4431,-2.5385,"10,992,133","717,193,968"
600760,÷–∫Ω…Ú∑…,2021-04-08,245.8617,250.7509,242.9054,248.4768,1.0991,0.4443,"8,934,303","583,216,864"
600760,÷–∫Ω…Ú∑…,2021-04-09,250.1065,254.5030,244.9899,245.3689,-3.1078,-1.2508,"12,342,852","813,877,280"
600760,÷–∫Ω…Ú∑…,2021-04-12,242.1474,244.8004,230.7014,232.4069,-12.9620,-5.2827,"15,844,291","989,425,312"
600760,÷–∫Ω…Ú∑…,2021-04-13,231.1562,236.4244,230.2466,234.8705,2.4635,1.0600,"8,010,120","494,092,560"
600760,÷–∫Ω…Ú∑…,2021-04-14,232.3311,237.6751,232.3311,237.5993,2.7288,1.1618,"6,884,341","428,915,376"
600760,÷–∫Ω…Ú∑…,2021-04-15,236.1970,238.7742,234.3020,238.0920,0.4927,0.2074,"5,641,661","351,992,256"
600760,÷–∫Ω…Ú∑…,2021-04-16,238.2057,240.2523,235.8559,238.0541,-0.0379,-0.0159,"5,785,965","362,749,168"
600760,÷–∫Ω…Ú∑…,2021-04-19,238.1299,244.4593,234.2262,244.3456,6.2915,2.6429,"11,902,689","757,238,208"
600760,÷–∫Ω…Ú∑…,2021-04-20,241.8442,247.8704,239.8354,242.9433,-1.4023,-0.5739,"11,294,739","726,604,400"
600760,÷–∫Ω…Ú∑…,2021-04-21,240.4040,241.3136,235.2874,238.1299,-4.8134,-1.9813,"9,331,047","585,997,680"
600760,÷–∫Ω…Ú∑…,2021-04-22,238.7742,241.9958,236.5002,237.2582,-0.8717,-0.3661,"8,220,721","517,882,944"
600760,÷–∫Ω…Ú∑…,2021-04-23,236.2728,239.6080,235.4390,237.9404,0.6822,0.2875,"7,054,229","442,441,200"
600760,÷–∫Ω…Ú∑…,2021-04-26,238.5089,247.5293,238.4331,240.1766,2.2361,0.9398,"13,695,148","879,817,456"
600760,÷–∫Ω…Ú∑…,2021-04-27,238.6226,238.6226,230.7772,233.8092,-6.3673,-2.6511,"9,266,172","572,366,400"
600760,÷–∫Ω…Ú∑…,2021-04-28,231.6489,236.0833,231.6110,235.3253,1.5160,0.6484,"6,265,593","386,935,088"
600760,÷–∫Ω…Ú∑…,2021-04-29,235.8559,238.1678,233.0891,233.7713,-1.5539,-0.6603,"7,522,713","466,647,168"
600760,÷–∫Ω…Ú∑…,2021-04-30,223.8035,227.0629,210.4245,218.8385,-14.9329,-6.3878,"28,218,116","1,609,375,232"
600760,÷–∫Ω…Ú∑…,2021-05-06,216.4507,234.5673,215.1621,231.1941,12.3556,5.6460,"19,060,690","1,140,479,024"
600760,÷–∫Ω…Ú∑…,2021-05-07,230.8151,236.6139,228.5410,232.2553,1.0612,0.4590,"10,503,278","645,015,824"
600760,÷–∫Ω…Ú∑…,2021-05-10,232.1037,232.8238,225.8880,232.2932,0.0379,0.0163,"9,172,873","553,986,864"
600760,÷–∫Ω…Ú∑…,2021-05-11,231.2320,255.5263,230.0950,255.4884,23.1952,9.9853,"31,088,930","2,039,124,320"
600760,÷–∫Ω…Ú∑…,2021-05-12,250.9024,253.1007,244.7246,248.7800,-6.7084,-2.6257,"16,369,532","1,072,910,048"
600760,÷–∫Ω…Ú∑…,2021-05-13,245.7859,259.0511,244.8383,247.0745,-1.7055,-0.6856,"18,650,567","1,237,857,568"
600760,÷–∫Ω…Ú∑…,2021-05-14,248.0978,267.0860,242.9433,263.7887,16.7142,6.7648,"26,156,435","1,788,689,040"
600760,÷–∫Ω…Ú∑…,2021-05-17,265.6837,271.2930,261.5904,264.4709,0.6822,0.2586,"22,404,304","1,569,697,136"
600760,÷–∫Ω…Ú∑…,2021-05-18,262.2726,280.9577,259.8470,276.6749,12.2040,4.6145,"23,540,288","1,706,039,488"
600760,÷–∫Ω…Ú∑…,2021-05-19,273.2638,281.1851,271.6720,274.3250,-2.3499,-0.8493,"15,908,083","1,157,588,336"
600760,÷–∫Ω…Ú∑…,2021-05-20,275.3484,283.8002,272.1268,272.9606,-1.3644,-0.4974,"15,340,201","1,121,896,544"
600760,÷–∫Ω…Ú∑…,2021-05-21,275.0831,275.9169,262.8033,265.5700,-7.3906,-2.7076,"14,880,531","1,044,718,864"
600760,÷–∫Ω…Ú∑…,2021-05-24,266.3659,272.6195,264.6225,269.9665,4.3965,1.6555,"9,702,529","689,026,976"
600760,÷–∫Ω…Ú∑…,2021-05-25,269.7770,291.4562,265.7974,287.2492,17.2827,6.4018,"22,915,832","1,707,586,720"
600760,÷–∫Ω…Ú∑…,2021-05-26,286.9081,295.6252,283.8760,287.5145,0.2653,0.0924,"17,073,708","1,304,244,512"
600760,÷–∫Ω…Ú∑…,2021-05-27,286.9460,292.2142,284.2550,285.9227,-1.5918,-0.5537,"11,424,933","865,241,536"
600760,÷–∫Ω…Ú∑…,2021-05-28,283.8760,289.9022,279.9344,287.1355,1.2128,0.4242,"10,938,129","824,743,632"
600760,÷–∫Ω…Ú∑…,2021-05-31,287.2871,298.8089,284.4445,294.7914,7.6559,2.6663,"15,729,360","1,214,211,200"
600760,÷–∫Ω…Ú∑…,2021-06-01,292.2521,298.3920,285.9227,286.2259,-8.5656,-2.9056,"13,640,858","1,047,152,464"
600760,÷–∫Ω…Ú∑…,2021-06-02,286.1501,290.3950,276.0685,276.8644,-9.3615,-3.2707,"14,846,667","1,104,607,408"
600760,÷–∫Ω…Ú∑…,2021-06-03,276.3717,280.4650,272.0510,272.8469,-4.0175,-1.4511,"12,763,856","927,603,040"
600760,÷–∫Ω…Ú∑…,2021-06-04,272.1268,288.0072,271.5583,283.8760,11.0291,4.0422,"18,766,161","1,400,921,344"
600760,÷–∫Ω…Ú∑…,2021-06-07,287.5903,294.1092,283.9897,288.0451,4.1691,1.4686,"14,138,916","1,077,237,488"
600760,÷–∫Ω…Ú∑…,2021-06-08,284.4824,294.8672,284.4824,293.9197,5.8746,2.0395,"15,815,998","1,215,153,680"
600760,÷–∫Ω…Ú∑…,2021-06-09,299.4911,306.8059,292.0247,300.5144,6.5947,2.2437,"22,741,927","1,795,521,408"
600760,÷–∫Ω…Ú∑…,2021-06-10,300.5523,306.5027,296.9138,301.7273,1.2128,0.4036,"14,981,032","1,195,414,432"
600760,÷–∫Ω…Ú∑…,2021-06-11,301.7652,301.8030,285.0130,286.3396,-15.3877,-5.0999,"17,357,605","1,331,241,024"
600760,÷–∫Ω…Ú∑…,2021-06-15,283.7244,291.4941,280.6545,286.6428,0.3032,0.1059,"10,272,975","777,947,952"
600760,÷–∫Ω…Ú∑…,2021-06-16,286.5670,292.4037,273.6808,284.8994,-1.7434,-0.6082,"12,669,346","947,046,352"
600760,÷–∫Ω…Ú∑…,2021-06-17,285.0130,288.3483,280.6545,288.0451,3.1458,1.1042,"8,415,417","632,946,544"
600760,÷–∫Ω…Ú∑…,2021-06-18,288.0451,303.1296,285.8848,297.3687,9.3236,3.2368,"15,247,216","1,191,657,584"
600760,÷–∫Ω…Ú∑…,2021-06-21,298.9605,322.1557,298.3920,321.7767,24.4080,8.2080,"22,634,019","1,850,391,904"
600760,÷–∫Ω…Ú∑…,2021-06-22,322.3452,322.5347,308.9663,315.2957,-6.4810,-2.0141,"18,028,198","1,498,585,680"
600760,÷–∫Ω…Ú∑…,2021-06-23,313.3628,320.8671,311.2403,319.6543,4.3586,1.3824,"13,924,390","1,164,968,240"
600760,÷–∫Ω…Ú∑…,2021-06-24,323.6617,329.9413,312.9120,314.7214,-4.9329,-1.5432,"18,030,169","1,083,727,760"
600760,÷–∫Ω…Ú∑…,2021-06-25,306.5261,317.3290,297.3196,317.3290,2.6076,0.8285,"22,190,443","1,284,160,400"
600760,÷–∫Ω…Ú∑…,2021-06-28,319.9366,323.2360,312.2202,317.3822,0.0532,0.0168,"18,446,193","1,098,712,016"
600760,÷–∫Ω…Ú∑…,2021-06-29,314.1892,321.6927,314.1892,314.4553,-2.9269,-0.9222,"15,649,408","933,888,032"
600760,÷–∫Ω…Ú∑…,2021-06-30,312.3799,320.8945,306.2600,320.8945,6.4392,2.0477,"19,405,946","1,145,501,712"
600760,÷–∫Ω…Ú∑…,2021-07-01,326.7483,331.8571,297.7986,298.9694,-21.9251,-6.8325,"32,207,223","1,876,664,688"
600760,÷–∫Ω…Ú∑…,2021-07-02,293.2220,293.3817,270.3390,277.6296,-21.3398,-7.1378,"36,890,648","1,935,687,712"
600760,÷–∫Ω…Ú∑…,2021-07-05,275.0220,280.5565,272.3080,273.2126,-4.4170,-1.5910,"16,359,629","847,111,056"
600760,÷–∫Ω…Ú∑…,2021-07-06,273.2659,280.9290,267.9975,280.0776,6.8649,2.5127,"18,452,587","953,835,984"
600760,÷–∫Ω…Ú∑…,2021-07-07,276.7249,308.0693,275.6606,308.0693,27.9918,9.9943,"44,885,002","2,534,415,280"
600760,÷–∫Ω…Ú∑…,2021-07-08,309.7191,338.8816,308.0693,338.8816,30.8123,10.0017,"48,587,694","3,029,648,848"
600760,÷–∫Ω…Ú∑…,2021-07-09,345.9062,355.1658,334.7307,345.4804,6.5988,1.9472,"73,113,859","4,751,387,904"
600760,÷–∫Ω…Ú∑…,2021-07-12,346.2787,358.6781,338.3495,352.4518,6.9713,2.0179,"46,445,176","3,053,861,312"
600760,÷–∫Ω…Ú∑…,2021-07-13,349.5781,362.1903,347.7687,357.0816,4.6298,1.3136,"33,376,619","2,224,436,528"
600760,÷–∫Ω…Ú∑…,2021-07-14,355.3254,360.7003,339.2541,340.5845,-16.4971,-4.6200,"41,486,151","2,693,999,344"
600760,÷–∫Ω…Ú∑…,2021-07-15,345.0547,350.6956,334.4647,343.2454,2.6608,0.7813,"26,793,681","1,716,322,384"
600760,÷–∫Ω…Ú∑…,2021-07-16,340.4781,366.8202,335.6354,357.6137,14.3684,4.1860,"55,075,161","3,686,615,328"
600760,÷–∫Ω…Ú∑…,2021-07-19,356.5494,358.9442,340.0524,346.0126,-11.6012,-3.2440,"37,640,896","2,449,423,472"
600760,÷–∫Ω…Ú∑…,2021-07-20,340.0524,353.1436,337.3916,347.9284,1.9158,0.5537,"29,359,662","1,903,417,424"
600760,÷–∫Ω…Ú∑…,2021-07-21,345.5869,366.5541,343.7775,357.9331,10.0047,2.8755,"35,248,531","2,366,951,760"
600760,÷–∫Ω…Ú∑…,2021-07-22,355.1126,377.8360,350.1635,371.9822,14.0491,3.9251,"37,771,391","2,584,576,688"
600760,÷–∫Ω…Ú∑…,2021-07-23,371.8757,408.0628,363.8401,392.5769,20.5947,5.5365,"51,729,651","3,708,774,992"
600760,÷–∫Ω…Ú∑…,2021-07-26,393.8009,419.7704,377.8360,377.8360,-14.7409,-3.7549,"68,521,321","5,171,491,840"
600760,÷–∫Ω…Ú∑…,2021-07-27,375.4944,396.3553,364.3723,364.7980,-13.0380,-3.4507,"58,864,307","4,199,252,736"
600760,÷–∫Ω…Ú∑…,2021-07-28,358.6781,359.2635,335.2629,345.9062,-18.8918,-5.1787,"44,268,546","2,874,769,984"
600760,÷–∫Ω…Ú∑…,2021-07-29,356.5494,378.1021,351.4407,373.3658,27.4597,7.9385,"46,129,068","3,165,764,224"
600760,÷–∫Ω…Ú∑…,2021-07-30,372.0886,379.3792,355.0594,360.9664,-12.3994,-3.3210,"34,398,100","2,368,273,200"
600760,÷–∫Ω…Ú∑…,2021-08-02,366.7670,390.9272,357.1880,383.4237,22.4573,6.2214,"38,455,689","2,730,423,424"
600760,÷–∫Ω…Ú∑…,2021-08-03,383.1044,399.2821,374.8026,384.2751,0.8514,0.2221,"39,558,515","2,877,184,992"
600760,÷–∫Ω…Ú∑…,2021-08-04,380.4968,405.0295,378.9535,399.6547,15.3795,4.0022,"35,495,055","2,635,246,000"
600760,÷–∫Ω…Ú∑…,2021-08-05,400.4529,415.0874,393.8009,399.9740,0.3193,0.0799,"49,554,741","3,780,353,392"
600760,÷–∫Ω…Ú∑…,2021-08-06,395.5570,401.2512,380.4968,397.1003,-2.8737,-0.7185,"39,860,400","2,925,159,296"
600760,÷–∫Ω…Ú∑…,2021-08-09,397.1003,411.0962,391.5658,397.1003,0.0000,0.0000,"27,988,411","2,104,140,288"
600760,÷–∫Ω…Ú∑…,2021-08-10,391.4062,418.1740,391.4062,408.6482,11.5479,2.9081,"44,225,405","3,406,033,488"
600760,÷–∫Ω…Ú∑…,2021-08-11,404.4441,411.0429,396.0892,401.2512,-7.3971,-1.8101,"30,458,977","2,295,532,352"
600760,÷–∫Ω…Ú∑…,2021-08-12,398.9629,401.7301,381.4547,383.1044,-18.1468,-4.5226,"28,951,487","2,110,824,928"
600760,÷–∫Ω…Ú∑…,2021-08-13,380.7629,396.6746,375.1751,385.2330,2.1287,0.5556,"28,733,913","2,089,323,584"
600760,÷–∫Ω…Ú∑…,2021-08-16,385.0202,391.6722,377.8360,382.6255,-2.6076,-0.6769,"18,416,416","1,334,068,352"
600760,÷–∫Ω…Ú∑…,2021-08-17,383.1576,390.7675,375.6009,377.8360,-4.7895,-1.2517,"22,364,104","1,613,408,496"
600760,÷–∫Ω…Ú∑…,2021-08-18,379.4325,407.5307,374.6430,399.1225,21.2865,5.6338,"41,675,200","3,102,472,656"
600760,÷–∫Ω…Ú∑…,2021-08-19,396.4617,409.7658,388.5325,401.4108,2.2883,0.5733,"29,089,399","2,195,188,592"
600760,÷–∫Ω…Ú∑…,2021-08-20,394.7588,405.7745,387.4149,388.5857,-12.8251,-3.1950,"26,015,449","1,922,941,376"
600760,÷–∫Ω…Ú∑…,2021-08-23,395.3974,427.4336,389.6500,424.0810,35.4953,9.1345,"54,497,294","4,288,339,568"
600760,÷–∫Ω…Ú∑…,2021-08-24,409.7658,428.3915,393.4283,425.7307,1.6497,0.3890,"50,830,845","3,917,553,280"
600760,÷–∫Ω…Ú∑…,2021-08-25,420.4090,432.1166,406.9453,419.8769,-5.8538,-1.3750,"25,761,241","2,023,819,744"
600760,÷–∫Ω…Ú∑…,2021-08-26,417.2161,427.4336,409.6594,412.5862,-7.2907,-1.7364,"21,956,152","1,726,340,576"
600760,÷–∫Ω…Ú∑…,2021-08-27,409.8190,413.3845,400.6125,406.5728,-6.0134,-1.4575,"20,465,809","1,560,063,952"
600760,÷–∫Ω…Ú∑…,2021-08-30,414.5552,445.3143,414.5552,429.2430,22.6702,5.5759,"37,223,322","2,999,586,304"
600760,÷–∫Ω…Ú∑…,2021-08-31,449.6780,456.3833,423.6020,436.6400,7.3971,1.7233,"41,134,926","3,403,832,960"
600760,÷–∫Ω…Ú∑…,2021-09-01,443.7178,446.9108,399.1757,424.6664,-11.9737,-2.7422,"36,715,036","2,905,622,080"
600760,÷–∫Ω…Ú∑…,2021-09-02,416.2049,431.6377,416.1517,425.7839,1.1176,0.2632,"16,619,265","1,330,073,680"
600760,÷–∫Ω…Ú∑…,2021-09-03,425.1453,429.4558,393.9605,398.6967,-27.0872,-6.3617,"32,282,824","2,461,077,344"
600760,÷–∫Ω…Ú∑…,2021-09-06,393.2687,401.7833,382.2529,398.0582,-0.6385,-0.1602,"23,353,051","1,726,346,752"
600760,÷–∫Ω…Ú∑…,2021-09-07,397.5260,409.2868,393.8541,399.6547,1.5965,0.4011,"17,571,289","1,327,036,336"
600760,÷–∫Ω…Ú∑…,2021-09-08,400.0804,403.2202,387.4149,389.5435,-10.1111,-2.5300,"20,188,600","1,487,827,168"
600760,÷–∫Ω…Ú∑…,2021-09-09,387.8406,412.3734,384.8073,409.0208,19.4772,5.0000,"26,328,075","1,968,324,640"
600760,÷–∫Ω…Ú∑…,2021-09-10,409.0208,409.0208,395.9295,398.7500,-10.2708,-2.5111,"21,037,667","1,585,844,048"
600760,÷–∫Ω…Ú∑…,2021-09-13,398.7500,404.3909,385.1798,390.0757,-8.6743,-2.1754,"15,411,506","1,135,592,224"
600760,÷–∫Ω…Ú∑…,2021-09-14,393.1623,400.5061,385.2863,387.9471,-2.1287,-0.5457,"18,137,672","1,333,577,488"
600760,÷–∫Ω…Ú∑…,2021-09-15,386.2442,395.0249,372.6208,390.0225,2.0754,0.5350,"20,459,725","1,474,331,280"
600760,÷–∫Ω…Ú∑…,2021-09-16,387.4149,392.6833,377.8360,379.1132,-10.9094,-2.7971,"13,232,044","955,529,120"
600760,÷–∫Ω…Ú∑…,2021-09-17,379.6985,384.5412,356.5494,370.9711,-8.1421,-2.1477,"20,177,009","1,401,100,016"
600760,÷–∫Ω…Ú∑…,2021-09-22,365.6494,390.0757,362.4032,379.9114,8.9403,2.4100,"16,826,056","1,201,933,600"
600760,÷–∫Ω…Ú∑…,2021-09-23,380.0179,398.0582,380.0179,395.3974,15.4860,4.0762,"23,403,384","1,724,586,800"
600760,÷–∫Ω…Ú∑…,2021-09-24,393.5880,397.7389,389.0646,390.9804,-4.4170,-1.1171,"11,707,366","863,588,800"
600760,÷–∫Ω…Ú∑…,2021-09-27,387.9471,393.5348,366.0219,376.3459,-14.6345,-3.7430,"17,397,237","1,233,507,184"
600760,÷–∫Ω…Ú∑…,2021-09-28,375.9202,380.7629,373.4190,373.7915,-2.5544,-0.6787,"11,741,402","831,928,208"
600760,÷–∫Ω…Ú∑…,2021-09-29,370.2793,373.4190,352.8243,352.8775,-20.9140,-5.5951,"17,005,361","1,150,081,712"
600760,÷–∫Ω…Ú∑…,2021-09-30,356.4962,365.4898,356.1769,363.6804,10.8029,3.0614,"11,576,534","789,395,184"
600760,÷–∫Ω…Ú∑…,2021-10-08,366.6606,368.1506,351.3875,354.4208,-9.2596,-2.5461,"10,736,201","722,563,376"
600760,÷–∫Ω…Ú∑…,2021-10-11,356.8155,373.3126,355.2190,360.3278,5.9070,1.6667,"13,995,279","958,331,360"
600760,÷–∫Ω…Ú∑…,2021-10-12,359.2102,359.2102,342.7664,347.6091,-12.7187,-3.5298,"13,585,142","894,008,160"
600760,÷–∫Ω…Ú∑…,2021-10-13,324.6196,342.8728,319.5641,341.5424,-6.0667,-1.7453,"26,589,158","1,658,078,464"
600760,÷–∫Ω…Ú∑…,2021-10-14,337.1096,364.5939,336.1508,357.6696,16.1272,4.7219,"21,855,706","1,462,036,608"
600760,÷–∫Ω…Ú∑…,2021-10-15,357.6163,360.3328,354.1009,357.1902,-0.4794,-0.1340,"10,828,825","727,048,576"
600760,÷–∫Ω…Ú∑…,2021-10-18,357.4565,370.5063,357.4032,367.7898,10.5996,2.9675,"11,966,628","821,316,352"
600760,÷–∫Ω…Ú∑…,2021-10-19,368.0028,369.0149,358.3087,361.4513,-6.3385,-1.7234,"10,823,837","735,161,376"
600760,÷–∫Ω…Ú∑…,2021-10-20,361.4513,369.4410,360.5459,368.9616,7.5103,2.0778,"11,812,259","812,135,824"
600760,÷–∫Ω…Ú∑…,2021-10-21,365.1266,370.1867,360.4926,365.1798,-3.7818,-1.0250,"8,636,747","589,715,648"
600760,÷–∫Ω…Ú∑…,2021-10-22,364.8603,368.3757,360.7056,366.7245,1.5447,0.4230,"7,383,626","505,987,408"
600760,÷–∫Ω…Ú∑…,2021-10-25,369.2812,377.3773,364.8603,375.6196,8.8951,2.4256,"13,601,131","950,311,168"
600760,÷–∫Ω…Ú∑…,2021-10-26,375.3533,379.2416,372.6901,377.0578,1.4382,0.3829,"10,132,617","715,375,648"
600760,÷–∫Ω…Ú∑…,2021-10-27,383.5027,388.8292,375.7262,383.3430,6.2852,1.6669,"15,989,658","1,147,316,544"
600760,÷–∫Ω…Ú∑…,2021-10-28,378.2296,395.2209,378.1763,387.1247,3.7818,0.9865,"16,537,223","1,201,961,888"
600760,÷–∫Ω…Ú∑…,2021-10-29,388.8292,403.5833,379.4014,402.1452,15.0205,3.8800,"25,761,410","1,917,787,376"
600760,÷–∫Ω…Ú∑…,2021-11-01,410.3479,418.5506,398.8428,402.1452,0.0000,0.0000,"27,956,531","2,146,927,552"
600760,÷–∫Ω…Ú∑…,2021-11-02,404.8084,426.7534,403.2105,417.9647,15.8195,3.9338,"30,317,329","2,366,764,528"
600760,÷–∫Ω…Ú∑…,2021-11-03,412.7981,413.8634,396.6590,410.7741,-7.1906,-1.7204,"20,048,627","1,525,964,512"
600760,÷–∫Ω…Ú∑…,2021-11-04,408.0043,420.1486,405.3411,415.8342,5.0601,1.2318,"16,279,836","1,262,691,888"
600760,÷–∫Ω…Ú∑…,2021-11-05,412.8514,418.3909,402.5181,402.6779,-13.1563,-3.1638,"12,048,667","927,466,912"
600760,÷–∫Ω…Ú∑…,2021-11-08,398.2037,407.8978,394.1556,406.6727,3.9948,0.9921,"8,785,314","664,425,760"
600760,÷–∫Ω…Ú∑…,2021-11-09,404.5421,420.7877,402.8376,414.9287,8.2560,2.0301,"17,861,045","1,389,028,896"
600760,÷–∫Ω…Ú∑…,2021-11-10,414.6091,422.9183,404.8084,410.0284,-4.9003,-1.1810,"15,713,305","1,217,964,016"
600760,÷–∫Ω…Ú∑…,2021-11-11,404.8084,414.3960,400.9734,412.5318,2.5034,0.6105,"12,745,523","979,351,472"
600760,÷–∫Ω…Ú∑…,2021-11-12,412.5318,425.4750,411.2534,423.2912,10.7594,2.6081,"21,994,106","1,738,862,720"
600760,÷–∫Ω…Ú∑…,2021-11-15,422.9183,427.1794,404.8084,406.2998,-16.9913,-4.0141,"22,091,176","1,716,390,256"
600760,÷–∫Ω…Ú∑…,2021-11-16,402.0387,412.3720,384.1952,387.0182,-19.2816,-4.7457,"26,707,522","1,987,733,360"
600760,÷–∫Ω…Ú∑…,2021-11-17,387.0182,396.2329,379.1884,390.8532,3.8350,0.9909,"17,880,998","1,304,754,480"
600760,÷–∫Ω…Ú∑…,2021-11-18,389.0422,401.8789,382.4375,395.4872,4.6340,1.1856,"16,903,765","1,247,241,376"
600760,÷–∫Ω…Ú∑…,2021-11-19,394.1556,396.7123,390.0010,391.2793,-4.2079,-1.0640,"12,140,485","894,705,696"
600760,÷–∫Ω…Ú∑…,2021-11-22,391.1728,392.8773,383.5027,389.7346,-1.5447,-0.3948,"17,934,377","1,307,461,184"
600760,÷–∫Ω…Ú∑…,2021-11-23,389.8944,389.8944,378.1763,382.7570,-6.9776,-1.7903,"15,338,864","1,106,795,440"
600760,÷–∫Ω…Ú∑…,2021-11-24,382.9701,386.1660,372.8499,375.0338,-7.7233,-2.0178,"14,589,499","1,034,051,248"
600760,÷–∫Ω…Ú∑…,2021-11-25,374.9805,378.1230,369.3877,371.1454,-3.8883,-1.0368,"11,811,788","826,837,504"
600760,÷–∫Ω…Ú∑…,2021-11-26,371.1454,377.4839,368.3224,372.6368,1.4914,0.4018,"11,273,807","790,866,080"
600760,÷–∫Ω…Ú∑…,2021-11-29,367.5235,385.8996,363.9548,385.1007,12.4638,3.3448,"21,252,849","1,517,564,912"
600760,÷–∫Ω…Ú∑…,2021-11-30,384.5680,396.6590,384.0354,388.7227,3.6220,0.9405,"18,070,031","1,328,230,240"
600760,÷–∫Ω…Ú∑…,2021-12-01,388.8292,392.5044,384.5680,388.0302,-0.6924,-0.1781,"10,531,059","766,922,096"
600760,÷–∫Ω…Ú∑…,2021-12-02,388.0302,390.8000,384.8876,385.1539,-2.8763,-0.7413,"8,568,935","623,385,968"
600760,÷–∫Ω…Ú∑…,2021-12-03,388.8292,402.8909,388.8292,398.9494,13.7955,3.5818,"20,888,007","1,562,245,152"
600760,÷–∫Ω…Ú∑…,2021-12-06,398.1504,401.5593,392.3446,396.8188,-2.1306,-0.5340,"13,538,128","1,011,400,512"
600760,÷–∫Ω…Ú∑…,2021-12-07,396.6057,400.5473,376.1523,381.1059,-15.7130,-3.9597,"16,353,194","1,183,501,216"
600760,÷–∫Ω…Ú∑…,2021-12-08,383.2364,387.7639,380.9993,386.4323,5.3264,1.3976,"10,013,737","722,985,376"
600760,÷–∫Ω…Ú∑…,2021-12-09,383.9821,386.5921,378.1763,380.5200,-5.9123,-1.5300,"12,390,128","884,866,768"
600760,÷–∫Ω…Ú∑…,2021-12-10,380.5732,382.9168,376.5784,378.4959,-2.0241,-0.5319,"11,706,102","831,956,160"
600760,÷–∫Ω…Ú∑…,2021-12-13,376.3654,379.7743,372.2640,377.4839,-1.0120,-0.2674,"11,204,480","789,987,760"
600760,÷–∫Ω…Ú∑…,2021-12-14,375.1935,384.9941,374.4478,378.9753,1.4914,0.3951,"13,919,259","994,695,776"
600760,÷–∫Ω…Ú∑…,2021-12-15,378.7090,380.7863,373.0630,373.3825,-5.5927,-1.4758,"9,461,333","666,924,640"
600760,÷–∫Ω…Ú∑…,2021-12-16,373.3825,379.4547,373.3825,378.6557,5.2731,1.4123,"8,593,769","607,765,744"
600760,÷–∫Ω…Ú∑…,2021-12-17,375.7794,379.5079,366.7245,366.9908,-11.6649,-3.0806,"12,617,332","879,398,416"
600760,÷–∫Ω…Ú∑…,2021-12-20,363.3689,369.0149,351.3311,353.6215,-13.3693,-3.6430,"15,504,725","1,038,281,552"
600760,÷–∫Ω…Ú∑…,2021-12-21,353.5682,362.6232,351.7040,361.6644,8.0429,2.2744,"8,877,300","595,817,008"
600760,÷–∫Ω…Ú∑…,2021-12-22,361.6644,365.0200,359.5338,360.4393,-1.2251,-0.3387,"6,383,358","433,446,400"
600760,÷–∫Ω…Ú∑…,2021-12-23,360.4393,364.8603,355.8053,358.9479,-1.4914,-0.4138,"7,577,062","512,293,184"
600760,÷–∫Ω…Ú∑…,2021-12-24,358.9479,361.3448,352.6094,355.8053,-3.1426,-0.8755,"7,193,920","481,252,304"
600760,÷–∫Ω…Ú∑…,2021-12-27,355.6988,358.3620,350.4789,351.6507,-4.1546,-1.1677,"6,373,009","422,499,472"
600760,÷–∫Ω…Ú∑…,2021-12-28,351.8105,356.7108,346.8569,356.7108,5.0601,1.4390,"7,569,005","500,155,712"
600760,÷–∫Ω…Ú∑…,2021-12-29,356.9771,361.7177,355.3259,359.0545,2.3437,0.6570,"11,554,560","778,105,744"
600760,÷–∫Ω…Ú∑…,2021-12-30,357.8826,370.0802,356.9771,365.2864,6.2319,1.7356,"14,956,780","1,027,250,416"
600760,÷–∫Ω…Ú∑…,2021-12-31,368.2692,368.4822,359.5338,362.4101,-2.8763,-0.7874,"12,091,028","821,716,320"
600760,÷–∫Ω…Ú∑…,2022-01-04,357.9359,367.5235,357.5098,358.7881,-3.6220,-0.9994,"11,430,260","774,897,072"
600760,÷–∫Ω…Ú∑…,2022-01-05,359.2675,361.2383,337.2161,340.5185,-18.2696,-5.0920,"16,230,693","1,052,876,160"
600760,÷–∫Ω…Ú∑…,2022-01-06,339.2934,340.6250,329.2265,335.2986,-5.2199,-1.5329,"14,563,437","913,944,272"
600760,÷–∫Ω…Ú∑…,2022-01-07,336.0443,342.1696,329.1732,330.8244,-4.4742,-1.3344,"10,725,782","675,607,152"
600760,÷–∫Ω…Ú∑…,2022-01-10,329.7058,337.1628,329.7058,336.5237,5.6993,1.7228,"8,965,256","562,169,888"
600760,÷–∫Ω…Ú∑…,2022-01-11,337.6955,337.8553,327.5753,329.4928,-7.0309,-2.0893,"9,252,702","575,290,736"
600760,÷–∫Ω…Ú∑…,2022-01-12,329.7058,337.0031,329.4928,336.6302,7.1374,2.1662,"8,833,648","553,579,648"
600760,÷–∫Ω…Ú∑…,2022-01-13,336.6302,337.5357,329.7058,330.0254,-6.6048,-1.9620,"6,592,754","411,124,288"
600760,÷–∫Ω…Ú∑…,2022-01-14,328.1079,331.0374,319.2660,319.5856,-10.4398,-3.1633,"13,703,962","832,862,192"
600760,÷–∫Ω…Ú∑…,2022-01-17,320.1715,328.4275,317.9877,327.7350,8.1494,2.5500,"10,416,969","633,310,208"
600760,÷–∫Ω…Ú∑…,2022-01-18,325.8175,331.4636,324.6990,329.2265,1.4914,0.4551,"7,431,560","458,617,808"
600760,÷–∫Ω…Ú∑…,2022-01-19,329.2265,329.2265,308.9328,313.9929,-15.2336,-4.6271,"15,008,249","891,019,472"
600760,÷–∫Ω…Ú∑…,2022-01-20,314.2592,315.3245,298.8658,302.3813,-11.6116,-3.6981,"24,649,802","1,410,150,448"
600760,÷–∫Ω…Ú∑…,2022-01-21,280.7027,287.3607,272.1272,282.7267,-19.6545,-6.4999,"43,624,493","2,282,349,168"
600760,÷–∫Ω…Ú∑…,2022-01-24,282.5670,291.2490,278.0395,286.5618,3.8350,1.3564,"17,953,169","958,601,200"
600760,÷–∫Ω…Ú∑…,2022-01-25,289.2250,294.3383,283.0996,283.2061,-3.3557,-1.1710,"15,416,984","835,744,512"
600760,÷–∫Ω…Ú∑…,2022-01-26,283.0996,287.4673,274.8436,281.1288,-2.0773,-0.7335,"12,567,944","663,452,064"
600760,÷–∫Ω…Ú∑…,2022-01-27,281.0223,283.8453,272.2337,272.9794,-8.1494,-2.8988,"9,416,950","490,299,104"
600760,÷–∫Ω…Ú∑…,2022-01-28,274.8436,279.6374,271.1151,274.8436,1.8643,0.6829,"9,740,978","504,264,704"
600760,÷–∫Ω…Ú∑…,2022-02-07,280.7027,281.7680,274.4708,275.6426,0.7990,0.2907,"7,772,915","403,995,008"
600760,÷–∫Ω…Ú∑…,2022-02-08,277.5068,277.5068,268.0791,277.5068,1.8642,0.6763,"9,010,273","462,258,096"
600760,÷–∫Ω…Ú∑…,2022-02-09,276.4416,283.8986,274.4175,282.4604,4.9536,1.7850,"13,015,967","684,843,200"
600760,÷–∫Ω…Ú∑…,2022-02-10,282.5137,287.6270,279.9570,282.8333,0.3728,0.1320,"11,803,413","628,137,264"
600760,÷–∫Ω…Ú∑…,2022-02-11,281.7680,284.2181,275.0567,276.3883,-6.4449,-2.2787,"8,578,406","450,701,840"
600760,÷–∫Ω…Ú∑…,2022-02-14,279.6374,287.6270,277.9330,283.0996,6.7113,2.4282,"14,391,457","765,243,008"
600760,÷–∫Ω…Ú∑…,2022-02-15,282.9931,291.0892,282.0343,288.7456,5.6460,1.9944,"16,176,629","874,236,640"
600760,÷–∫Ω…Ú∑…,2022-02-16,286.2954,286.2954,278.5721,280.4897,-8.2560,-2.8592,"16,913,555","892,698,368"
600760,÷–∫Ω…Ú∑…,2022-02-17,279.6374,290.1837,278.4656,287.4140,6.9243,2.4687,"16,153,541","863,590,720"
600760,÷–∫Ω…Ú∑…,2022-02-18,284.9638,285.0171,279.1048,281.9810,-5.4330,-1.8903,"13,012,730","686,835,184"
600760,÷–∫Ω…Ú∑…,2022-02-21,282.3006,286.5618,279.7440,281.6615,-0.3196,-0.1133,"10,692,102","566,910,016"
600760,÷–∫Ω…Ú∑…,2022-02-22,286.1357,287.3607,274.0447,278.4124,-3.2491,-1.1536,"14,983,014","785,604,704"
600760,÷–∫Ω…Ú∑…,2022-02-23,277.9330,289.7576,275.6426,289.4380,11.0257,3.9602,"24,780,216","1,326,434,480"
600760,÷–∫Ω…Ú∑…,2022-02-24,288.1597,308.1338,284.6443,301.2094,11.7714,4.0670,"44,056,404","2,446,662,048"
600760,÷–∫Ω…Ú∑…,2022-02-25,292.9535,300.6768,286.5618,296.6820,-4.5275,-1.5031,"24,702,078","1,365,843,248"
600760,÷–∫Ω…Ú∑…,2022-02-28,300.4105,303.3400,295.8298,298.4930,1.8110,0.6104,"20,035,907","1,129,332,496"
600760,÷–∫Ω…Ú∑…,2022-03-01,301.2627,313.6200,298.0669,309.0926,10.5996,3.5510,"28,159,256","1,621,981,904"
600760,÷–∫Ω…Ú∑…,2022-03-02,309.4654,310.8503,302.5410,304.2455,-4.8470,-1.5682,"17,770,212","1,017,272,656"
600760,÷–∫Ω…Ú∑…,2022-03-03,304.5651,304.8847,293.8590,294.1786,-10.0670,-3.3088,"15,774,874","877,511,040"
600760,÷–∫Ω…Ú∑…,2022-03-04,294.0188,296.0961,286.8813,289.3848,-4.7938,-1.6295,"12,967,915","707,530,560"
600760,÷–∫Ω…Ú∑…,2022-03-07,292.0480,293.5927,285.0704,285.3367,-4.0481,-1.3989,"12,664,482","685,692,944"
600760,÷–∫Ω…Ú∑…,2022-03-08,283.0996,286.5618,271.2749,271.9141,-13.4226,-4.7041,"14,509,285","757,222,848"
600760,÷–∫Ω…Ú∑…,2022-03-09,272.9794,275.1632,252.7390,273.7251,1.8110,0.6660,"21,994,669","1,090,295,248"
600760,÷–∫Ω…Ú∑…,2022-03-10,276.6013,289.2250,276.6013,284.3247,10.5996,3.8724,"18,748,074","998,246,016"
600760,÷–∫Ω…Ú∑…,2022-03-11,281.2354,292.7404,277.8264,292.4208,8.0962,2.8475,"15,451,391","830,407,808"
600760,÷–∫Ω…Ú∑…,2022-03-14,287.6270,303.5531,286.6151,300.0909,7.6701,2.6230,"23,752,258","1,335,018,144"
600760,÷–∫Ω…Ú∑…,2022-03-15,296.9483,306.2696,292.9535,293.0067,-7.0842,-2.3607,"22,613,919","1,276,993,648"
600760,÷–∫Ω…Ú∑…,2022-03-16,297.3744,304.4053,288.1597,302.2747,9.2680,3.1631,"19,662,400","1,100,395,184"
600760,÷–∫Ω…Ú∑…,2022-03-17,304.8847,307.7077,297.9071,299.3452,-2.9295,-0.9692,"20,968,454","1,185,929,376"
600760,÷–∫Ω…Ú∑…,2022-03-18,297.2146,297.7473,289.2783,293.8590,-5.4862,-1.8327,"12,079,197","666,498,752"
600760,÷–∫Ω…Ú∑…,2022-03-21,293.1133,302.5410,293.1133,298.2799,4.4209,1.5044,"9,899,922","554,263,600"
600760,÷–∫Ω…Ú∑…,2022-03-22,297.6940,302.5410,293.3796,297.4809,-0.7990,-0.2679,"10,373,784","578,886,000"
600760,÷–∫Ω…Ú∑…,2022-03-23,295.6700,318.4138,294.9775,312.9276,15.4467,5.1925,"25,985,180","1,511,923,952"
600760,÷–∫Ω…Ú∑…,2022-03-24,308.9328,321.1835,307.8675,314.8451,1.9175,0.6128,"18,501,229","1,099,011,024"
600760,÷–∫Ω…Ú∑…,2022-03-25,314.8983,333.1147,312.9276,318.5203,3.6752,1.1673,"19,073,858","1,160,011,072"
600760,÷–∫Ω…Ú∑…,2022-03-28,313.7798,321.5031,312.0221,313.5135,-5.0068,-1.5719,"8,654,241","512,832,400"
600760,÷–∫Ω…Ú∑…,2022-03-29,324.8588,327.0426,307.6012,308.1871,-5.3264,-1.6989,"20,334,610","1,207,438,976"
600760,÷–∫Ω…Ú∑…,2022-03-30,307.8675,309.8383,299.6115,305.4706,-2.7165,-0.8814,"18,148,347","1,036,919,712"
600760,÷–∫Ω…Ú∑…,2022-03-31,303.7661,304.5651,296.4157,299.8246,-5.6460,-1.8483,"10,727,352","603,675,200"
600760,÷–∫Ω…Ú∑…,2022-04-01,298.0136,302.1682,296.4689,300.8899,1.0653,0.3553,"8,740,878","492,318,384"
600760,÷–∫Ω…Ú∑…,2022-04-06,299.7180,299.8778,280.8092,284.1649,-16.7250,-5.5585,"16,955,931","912,000,032"
600760,÷–∫Ω…Ú∑…,2022-04-07,283.6322,296.5755,282.3006,288.4793,4.3144,1.5183,"14,059,983","768,749,920"
600760,÷–∫Ω…Ú∑…,2022-04-08,287.3607,290.8229,281.5016,284.3247,-4.1546,-1.4402,"9,311,055","499,978,832"
600760,÷–∫Ω…Ú∑…,2022-04-11,282.7800,284.0051,271.5945,273.2990,-11.0257,-3.8779,"12,618,917","651,908,496"
600760,÷–∫Ω…Ú∑…,2022-04-12,273.2457,273.7784,263.7114,272.5000,-0.7990,-0.2923,"12,012,697","604,695,136"
600760,÷–∫Ω…Ú∑…,2022-04-13,270.5825,272.6598,266.9073,268.8248,-3.6752,-1.3487,"6,726,905","341,019,152"
600760,÷–∫Ω…Ú∑…,2022-04-14,267.9193,277.6667,266.3746,275.8557,7.0309,2.6154,"9,197,295","471,338,704"
600760,÷–∫Ω…Ú∑…,2022-04-15,272.7131,282.1941,269.8900,278.6786,2.8230,1.0234,"11,237,210","584,777,136"
600760,÷–∫Ω…Ú∑…,2022-04-18,275.9089,287.2009,275.2697,285.6030,6.9243,2.4847,"12,903,188","686,655,680"
600760,÷–∫Ω…Ú∑…,2022-04-19,283.8986,288.5325,282.9398,287.6270,2.0240,0.7087,"8,251,994","443,257,648"
600760,÷–∫Ω…Ú∑…,2022-04-20,286.9879,288.6391,281.2886,286.5085,-1.1185,-0.3889,"9,050,422","485,008,688"
600760,÷–∫Ω…Ú∑…,2022-04-21,283.8986,290.6631,275.4295,275.8557,-10.6529,-3.7182,"8,080,304","427,708,080"
600760,÷–∫Ω…Ú∑…,2022-04-22,275.0034,276.4416,269.5172,270.0499,-5.8058,-2.1046,"7,036,457","359,556,976"
600760,÷–∫Ω…Ú∑…,2022-04-25,267.6530,267.6530,250.1823,250.3421,-19.7078,-7.2978,"11,424,069","552,259,744"
600760,÷–∫Ω…Ú∑…,2022-04-26,251.9400,254.8163,229.0364,231.8061,-18.5360,-7.4043,"13,784,526","618,473,776"
600760,÷–∫Ω…Ú∑…,2022-04-27,229.0364,252.5259,227.2254,250.2355,18.4294,7.9504,"17,148,632","778,021,216"
600760,÷–∫Ω…Ú∑…,2022-04-28,246.6136,261.5276,246.5070,252.3128,2.0773,0.8301,"10,720,587","511,048,080"
600760,÷–∫Ω…Ú∑…,2022-04-29,254.1238,267.2268,251.9400,265.7887,13.4759,5.3409,"11,914,249","582,559,424"
600760,÷–∫Ω…Ú∑…,2022-05-05,268.4519,288.6391,266.5344,280.1700,14.3813,5.4108,"20,332,892","1,070,291,568"
600760,÷–∫Ω…Ú∑…,2022-05-06,272.3402,288.1597,272.1804,281.2354,1.0653,0.3802,"14,100,878","742,864,560"
600760,÷–∫Ω…Ú∑…,2022-05-09,283.4724,293.9655,281.2354,293.4861,12.2508,4.3561,"17,168,648","931,392,352"
600760,÷–∫Ω…Ú∑…,2022-05-10,288.9586,299.2919,286.5618,296.0428,2.5567,0.8711,"16,989,462","937,073,184"
600760,÷–∫Ω…Ú∑…,2022-05-11,297.7473,300.9431,288.2130,290.9294,-5.1134,-1.7272,"19,298,177","1,067,637,440"
600760,÷–∫Ω…Ú∑…,2022-05-12,288.0532,297.9071,288.0532,296.7352,5.8058,1.9956,"12,595,624","694,752,096"
600760,÷–∫Ω…Ú∑…,2022-05-13,296.7352,297.9603,291.9415,293.4861,-3.2491,-1.0950,"6,774,629","373,427,568"
600760,÷–∫Ω…Ú∑…,2022-05-16,298.3332,299.9844,289.5978,290.0772,-3.4089,-1.1615,"7,202,829","397,042,448"
600760,÷–∫Ω…Ú∑…,2022-05-17,290.0772,295.3504,287.2009,292.8470,2.7697,0.9548,"6,812,783","373,654,032"
600760,÷–∫Ω…Ú∑…,2022-05-18,294.0188,296.0428,289.3848,291.3556,-1.4914,-0.5093,"7,107,478","390,266,448"
600760,÷–∫Ω…Ú∑…,2022-05-19,287.6803,293.4861,285.1236,291.6219,0.2663,0.0914,"11,211,109","607,668,208"
600760,÷–∫Ω…Ú∑…,2022-05-20,291.6219,297.6407,290.5566,294.7112,3.0893,1.0594,"8,626,371","475,898,688"
600760,÷–∫Ω…Ú∑…,2022-05-23,292.9535,295.5102,286.5085,294.5514,-0.1598,-0.0542,"10,393,919","566,026,336"
600760,÷–∫Ω…Ú∑…,2022-05-24,294.5514,302.9139,279.3178,279.3178,-15.2336,-5.1718,"20,380,404","1,111,991,088"
600760,÷–∫Ω…Ú∑…,2022-05-25,278.4124,287.8934,277.0275,284.4312,5.1134,1.8307,"10,969,140","584,608,352"
600760,÷–∫Ω…Ú∑…,2022-05-26,284.0690,297.0982,284.0690,290.5031,6.0719,2.1348,"15,616,162","850,227,072"
600760,÷–∫Ω…Ú∑…,2022-05-27,293.4521,296.2939,289.0018,290.1278,-0.3753,-0.1292,"11,349,548","619,662,976"
600760,÷–∫Ω…Ú∑…,2022-05-30,290.6104,295.9722,289.0018,295.2215,5.0937,1.7557,"8,584,606","469,119,040"
600760,÷–∫Ω…Ú∑…,2022-05-31,295.2215,300.7978,293.2913,299.5646,4.3431,1.4711,"11,264,182","625,972,704"
600760,÷–∫Ω…Ú∑…,2022-06-01,298.1169,311.6287,296.5620,305.6234,6.0588,2.0225,"16,568,477","947,263,424"
600760,÷–∫Ω…Ú∑…,2022-06-02,304.5511,309.8593,301.1731,306.8567,1.2332,0.4035,"9,623,843","548,813,488"
600760,÷–∫Ω…Ú∑…,2022-06-06,306.9103,311.3606,301.5485,310.5563,3.6996,1.2057,"11,602,438","665,151,856"
600760,÷–∫Ω…Ú∑…,2022-06-07,308.8405,317.7411,308.8405,313.9879,3.4316,1.1050,"13,172,752","770,505,808"
600760,÷–∫Ω…Ú∑…,2022-06-08,312.0576,313.5589,299.0820,305.3554,-8.6325,-2.7493,"17,716,517","1,007,837,376"
600760,÷–∫Ω…Ú∑…,2022-06-09,305.3554,306.9103,297.8488,299.7791,-5.5763,-1.8262,"11,306,204","636,015,168"
600760,÷–∫Ω…Ú∑…,2022-06-10,300.6370,313.6662,300.5297,313.2372,13.4581,4.4893,"17,251,518","998,936,928"
600760,÷–∫Ω…Ú∑…,2022-06-13,315.0066,319.2961,306.1060,317.2050,3.9678,1.2667,"17,956,610","1,051,571,728"
600760,÷–∫Ω…Ú∑…,2022-06-14,309.9129,313.3981,302.1383,307.8754,-9.3296,-2.9412,"12,735,421","728,449,120"
600760,÷–∫Ω…Ú∑…,2022-06-15,308.1971,313.1836,306.5886,307.8754,0.0000,0.0000,"10,445,431","604,424,880"
600760,÷–∫Ω…Ú∑…,2022-06-16,307.8754,312.6474,303.4787,305.7307,-2.1447,-0.6966,"8,189,634","470,540,192"
600760,÷–∫Ω…Ú∑…,2022-06-17,304.3902,307.1784,299.5646,305.2481,-0.4825,-0.1578,"11,413,804","644,927,504"
600760,÷–∫Ω…Ú∑…,2022-06-20,307.2320,313.6662,303.6396,309.2695,4.0214,1.3174,"11,150,871","644,532,000"
600760,÷–∫Ω…Ú∑…,2022-06-21,310.9853,310.9853,300.5833,302.5136,-6.7559,-2.1845,"9,213,469","522,570,480"
600760,÷–∫Ω…Ú∑…,2022-06-22,302.5136,304.9800,296.6156,296.8837,-5.6299,-1.8610,"7,680,174","430,371,136"
600760,÷–∫Ω…Ú∑…,2022-06-23,295.8113,316.8833,295.0607,316.2398,19.3561,6.5198,"23,316,576","1,345,169,184"
600760,÷–∫Ω…Ú∑…,2022-06-24,317.4195,326.9635,317.4195,318.9207,2.6809,0.8477,"21,821,245","1,310,354,032"
600760,÷–∫Ω…Ú∑…,2022-06-27,321.7089,321.7089,314.0951,316.3471,-2.5737,-0.8070,"14,137,440","836,040,336"
600760,÷–∫Ω…Ú∑…,2022-06-28,316.5079,328.2503,316.5079,325.7303,9.3832,2.9661,"22,992,878","1,392,913,584"
600760,÷–∫Ω…Ú∑…,2022-06-29,323.2102,328.1431,318.2773,318.3846,-7.3457,-2.2551,"12,038,731","724,631,824"
600760,÷–∫Ω…Ú∑…,2022-06-30,319.0816,327.6069,315.4892,324.1217,5.7372,1.8020,"13,500,993","813,610,288"
600760,÷–∫Ω…Ú∑…,2022-07-01,324.1217,336.7220,324.1217,330.7167,6.5950,2.0347,"16,802,987","1,037,446,624"
600760,÷–∫Ω…Ú∑…,2022-07-04,332.2717,343.0489,327.0707,339.9927,9.2759,2.8048,"19,038,410","1,202,712,448"
600760,÷–∫Ω…Ú∑…,2022-07-05,337.8480,339.8318,325.3549,332.4325,-7.5602,-2.2236,"16,719,169","1,032,752,976"
600760,÷–∫Ω…Ú∑…,2022-07-06,329.0546,334.0411,323.6392,329.6444,-2.7881,-0.8387,"13,413,943","823,207,552"
600760,÷–∫Ω…Ú∑…,2022-07-07,327.8750,335.9713,327.8750,331.1993,1.5549,0.4717,"13,015,150","806,376,224"
600760,÷–∫Ω…Ú∑…,2022-07-08,329.7516,334.9526,324.4434,329.0010,-2.1983,-0.6637,"9,725,239","596,832,000"
600760,÷–∫Ω…Ú∑…,2022-07-11,328.4112,328.4112,319.0280,323.7464,-5.2546,-1.5971,"10,428,936","626,718,624"
600760,÷–∫Ω…Ú∑…,2022-07-12,323.6928,334.2556,321.1727,321.2799,-2.4665,-0.7618,"11,889,323","724,765,216"
600760,÷–∫Ω…Ú∑…,2022-07-13,318.3846,320.6902,311.9504,313.6662,-7.6138,-2.3698,"11,685,855","686,473,328"
600760,÷–∫Ω…Ú∑…,2022-07-14,314.8994,322.8349,313.7198,319.0816,5.4154,1.7265,"9,250,365","550,901,584"
600760,÷–∫Ω…Ú∑…,2022-07-15,318.1701,323.0493,312.9155,313.5053,-5.5763,-1.7476,"9,233,715","545,397,920"
600760,÷–∫Ω…Ú∑…,2022-07-18,312.8619,314.4705,302.5672,308.2508,-5.2546,-1.6761,"14,494,205","827,476,464"
600760,÷–∫Ω…Ú∑…,2022-07-19,308.9478,311.4142,304.6047,310.0201,1.7694,0.5740,"10,401,663","597,385,984"
600760,÷–∫Ω…Ú∑…,2022-07-20,310.3955,321.1191,310.3955,321.0119,10.9917,3.5455,"18,685,541","1,103,252,480"
600760,÷–∫Ω…Ú∑…,2022-07-21,320.3684,320.3684,308.5188,308.6261,-12.3858,-3.8584,"17,261,539","1,003,878,032"
600760,÷–∫Ω…Ú∑…,2022-07-22,309.7520,312.3793,303.3179,307.8218,-0.8043,-0.2606,"9,040,168","517,218,336"
600760,÷–∫Ω…Ú∑…,2022-07-25,313.6662,316.8833,307.8754,309.3767,1.5549,0.5051,"10,029,750","583,073,920"
600760,÷–∫Ω…Ú∑…,2022-07-26,310.7172,317.2586,307.1248,315.7037,6.3269,2.0451,"12,928,964","758,226,016"
600760,÷–∫Ω…Ú∑…,2022-07-27,314.2024,333.0759,314.2024,327.3924,11.6888,3.7024,"25,000,413","1,522,749,056"
600760,÷–∫Ω…Ú∑…,2022-07-28,327.3924,332.4325,323.2102,331.6282,4.2358,1.2938,"15,339,452","938,778,272"
600760,÷–∫Ω…Ú∑…,2022-07-29,328.5184,330.2878,322.7276,327.9286,-3.6996,-1.1156,"12,705,931","773,438,208"
600760,÷–∫Ω…Ú∑…,2022-08-01,329.7516,332.7006,320.9046,324.8188,-3.1098,-0.9483,"12,303,278","745,701,808"
600760,÷–∫Ω…Ú∑…,2022-08-02,332.3789,335.1134,322.2451,327.2852,2.4664,0.7593,"27,554,272","1,691,655,984"
600760,÷–∫Ω…Ú∑…,2022-08-03,321.7089,350.1265,320.6365,345.8371,18.5519,5.6684,"40,919,643","2,610,511,168"
600760,÷–∫Ω…Ú∑…,2022-08-04,346.4269,349.1614,335.1671,339.9391,-5.8980,-1.7054,"21,790,461","1,390,268,304"
600760,÷–∫Ω…Ú∑…,2022-08-05,338.0624,346.3732,330.1806,337.7943,-2.1447,-0.6309,"18,414,088","1,158,517,728"
600760,÷–∫Ω…Ú∑…,2022-08-08,335.9713,348.4644,335.7568,345.6762,7.8819,2.3333,"16,196,546","1,042,256,624"
600760,÷–∫Ω…Ú∑…,2022-08-09,343.1025,363.4774,342.2447,359.3488,13.6726,3.9553,"25,260,583","1,665,569,936"
600760,÷–∫Ω…Ú∑…,2022-08-10,358.7591,371.3057,357.4186,362.4587,3.1099,0.8654,"21,292,215","1,451,333,536"
600760,÷–∫Ω…Ú∑…,2022-08-11,359.6706,366.1584,353.8798,363.9064,1.4477,0.3994,"12,402,991","838,178,880"
600760,÷–∫Ω…Ú∑…,2022-08-12,359.2952,368.3567,354.2551,354.4160,-9.4904,-2.6079,"12,945,607","867,244,112"
600760,÷–∫Ω…Ú∑…,2022-08-15,353.8798,358.1156,352.0032,354.7913,0.3753,0.1059,"8,098,872","535,547,840"
600760,÷–∫Ω…Ú∑…,2022-08-16,355.4883,359.3488,352.5930,354.7377,-0.0536,-0.0151,"6,621,152","438,636,048"
600760,÷–∫Ω…Ú∑…,2022-08-17,353.7726,354.9521,345.3545,348.7325,-6.0052,-1.6929,"9,829,371","638,729,088"
600760,÷–∫Ω…Ú∑…,2022-08-18,348.7325,352.2712,342.3519,349.5367,0.8043,0.2306,"8,265,268","535,132,656"
600760,÷–∫Ω…Ú∑…,2022-08-19,348.2499,352.6465,340.5289,340.7433,-8.7934,-2.5157,"7,739,190","497,894,240"
600760,÷–∫Ω…Ú∑…,2022-08-22,338.3842,348.7861,335.1134,347.3384,6.5950,1.9355,"7,314,742","470,128,544"
600760,÷–∫Ω…Ú∑…,2022-08-23,346.1052,347.4456,335.7568,341.6012,-5.7372,-1.6517,"9,218,041","585,330,848"
600760,÷–∫Ω…Ú∑…,2022-08-24,341.2259,341.2259,327.3924,328.7865,-12.8147,-3.7514,"9,200,099","569,316,560"
600760,÷–∫Ω…Ú∑…,2022-08-25,329.1618,331.7355,324.5507,329.6980,0.9115,0.2772,"7,624,836","466,626,544"
600760,÷–∫Ω…Ú∑…,2022-08-26,330.3414,333.7730,322.8349,325.2477,-4.4503,-1.3498,"8,667,671","530,047,776"
600760,÷–∫Ω…Ú∑…,2022-08-29,321.7089,331.3065,318.3846,330.4487,5.2010,1.5991,"9,149,848","559,290,320"
600760,÷–∫Ω…Ú∑…,2022-08-30,327.0707,327.6069,318.3846,319.7250,-10.7236,-3.2452,"10,235,834","612,729,200"
600760,÷–∫Ω…Ú∑…,2022-08-31,321.2799,322.4059,311.9504,315.0602,-4.6648,-1.4590,"9,131,617","538,120,608"
600760,÷–∫Ω…Ú∑…,2022-09-01,315.0602,319.4569,310.4491,314.0951,-0.9651,-0.3063,"10,240,615","599,726,640"
600760,÷–∫Ω…Ú∑…,2022-09-02,311.9504,317.9556,308.8405,314.4168,0.3217,0.1024,"7,929,956","463,432,304"
600760,÷–∫Ω…Ú∑…,2022-09-05,313.6662,317.9556,309.2159,311.5751,-2.8418,-0.9038,"5,673,299","331,524,800"
600760,÷–∫Ω…Ú∑…,2022-09-06,314.7386,342.7272,314.7386,335.2207,23.6456,7.5891,"28,199,501","1,754,513,296"
600760,÷–∫Ω…Ú∑…,2022-09-07,332.9687,349.1078,331.8427,344.8183,9.5976,2.8631,"19,493,407","1,240,904,624"
600760,÷–∫Ω…Ú∑…,2022-09-08,344.0141,353.8262,344.0141,349.8048,4.9865,1.4461,"15,204,314","994,711,024"
600760,÷–∫Ω…Ú∑…,2022-09-09,348.4644,359.1344,346.2660,352.2712,2.4664,0.7051,"14,740,235","970,644,688"
600760,÷–∫Ω…Ú∑…,2022-09-13,353.8798,365.1396,351.1453,362.6195,10.3483,2.9376,"16,656,451","1,116,693,376"
600760,÷–∫Ω…Ú∑…,2022-09-14,360.5284,365.0324,356.8288,360.9574,-1.6621,-0.4584,"10,442,083","703,223,552"
600760,÷–∫Ω…Ú∑…,2022-09-15,361.3327,362.2978,347.5529,351.3597,-9.5977,-2.6589,"10,073,898","662,001,632"
600760,÷–∫Ω…Ú∑…,2022-09-16,350.6627,360.7429,349.6440,351.8423,0.4826,0.1373,"13,680,939","907,866,816"
600760,÷–∫Ω…Ú∑…,2022-09-19,352.1104,360.2067,349.3223,351.3597,-0.4826,-0.1372,"7,925,814","521,231,328"
600760,÷–∫Ω…Ú∑…,2022-09-20,352.8074,358.1693,348.6788,351.2525,-0.1072,-0.0305,"7,158,562","470,746,560"
600760,÷–∫Ω…Ú∑…,2022-09-21,350.4482,354.4160,339.4029,352.7538,1.5013,0.4274,"10,285,832","667,157,152"
600760,÷–∫Ω…Ú∑…,2022-09-22,353.7726,360.0995,348.5180,355.5419,2.7881,0.7904,"9,506,292","632,128,912"
600760,÷–∫Ω…Ú∑…,2022-09-23,354.4696,379.0803,350.2874,355.8101,0.2681,0.0754,"23,050,545","1,556,000,336"
600760,÷–∫Ω…Ú∑…,2022-09-26,353.3436,357.3113,343.1562,344.2285,-11.5815,-3.2550,"12,712,544","829,543,408"
600760,÷–∫Ω…Ú∑…,2022-09-27,344.2285,354.4160,343.1025,348.0890,3.8605,1.1215,"8,114,648","527,857,808"
600760,÷–∫Ω…Ú∑…,2022-09-28,347.3920,356.4535,337.2582,339.5638,-8.5253,-2.4492,"8,942,724","574,995,184"
600760,÷–∫Ω…Ú∑…,2022-09-29,344.1749,351.9495,338.1697,341.6012,2.0375,0.6000,"8,839,100","568,158,768"
600760,÷–∫Ω…Ú∑…,2022-09-30,341.6548,342.6200,326.7490,326.8026,-14.7986,-4.3321,"9,519,925","586,715,248"
600760,÷–∫Ω…Ú∑…,2022-10-10,327.0707,333.7730,324.3898,326.9099,0.1072,0.0328,"7,647,039","469,232,800"
600760,÷–∫Ω…Ú∑…,2022-10-11,326.9099,330.7704,321.7089,325.5694,-1.3405,-0.4100,"6,512,415","395,171,568"
600760,÷–∫Ω…Ú∑…,2022-10-12,323.9608,332.3789,315.8645,331.8964,6.3270,1.9434,"7,184,620","434,059,936"
600760,÷–∫Ω…Ú∑…,2022-10-13,328.1431,339.7246,327.3924,331.0385,-0.8579,-0.2585,"7,425,614","461,080,944"
600760,÷–∫Ω…Ú∑…,2022-10-14,334.0411,353.3436,328.8937,348.3571,17.3187,5.2316,"12,484,467","797,448,512"
600760,÷–∫Ω…Ú∑…,2022-10-17,346.8022,372.3780,345.4617,372.2172,23.8601,6.8493,"19,700,229","1,340,051,328"
600760,÷–∫Ω…Ú∑…,2022-10-18,372.2708,375.3271,361.0110,371.7882,-0.4290,-0.1152,"13,418,405","928,013,264"
600760,÷–∫Ω…Ú∑…,2022-10-19,371.7346,372.2708,364.4962,365.3004,-6.4878,-1.7450,"6,845,146","469,355,696"
600760,÷–∫Ω…Ú∑…,2022-10-20,363.6383,368.4639,358.4373,361.3864,-3.9141,-1.0715,"5,556,231","376,425,600"
600760,÷–∫Ω…Ú∑…,2022-10-21,361.4400,373.6649,358.1693,363.5311,2.1447,0.5935,"8,712,508","592,462,384"
600760,÷–∫Ω…Ú∑…,2022-10-24,370.9840,390.5010,370.9840,385.5681,22.0371,6.0620,"24,025,222","1,717,459,536"
600760,÷–∫Ω…Ú∑…,2022-10-25,384.9783,391.4661,380.3135,384.6566,-0.9116,-0.2364,"10,736,723","774,397,184"
600760,÷–∫Ω…Ú∑…,2022-10-26,384.4421,391.3053,379.9919,386.1579,1.5013,0.3903,"8,034,570","576,839,696"
600760,÷–∫Ω…Ú∑…,2022-10-27,386.8549,386.8549,375.2734,382.2974,-3.8605,-0.9997,"7,774,337","551,604,176"
600760,÷–∫Ω…Ú∑…,2022-10-28,377.2037,389.1606,375.4879,379.0267,-3.2707,-0.8555,"6,983,602","498,025,056"
600760,÷–∫Ω…Ú∑…,2022-10-31,379.0267,391.4125,353.7726,388.5171,9.4904,2.5039,"18,866,160","1,316,522,016"
600760,÷–∫Ω…Ú∑…,2022-11-01,386.5869,389.3214,365.0324,368.7320,-19.7851,-5.0925,"17,516,070","1,218,774,512"
600760,÷–∫Ω…Ú∑…,2022-11-02,367.9814,368.3567,353.5581,362.6195,-6.1125,-1.6577,"25,106,326","1,679,404,256"
600760,÷–∫Ω…Ú∑…,2022-11-03,358.3837,373.3432,358.1693,366.5873,3.9678,1.0942,"14,657,152","999,808,896"
600760,÷–∫Ω…Ú∑…,2022-11-04,366.6409,368.8929,361.9761,368.0886,1.5013,0.4095,"9,368,156","639,645,296"
600760,÷–∫Ω…Ú∑…,2022-11-07,369.3754,369.8580,353.8798,355.5956,-12.4930,-3.3940,"16,327,987","1,092,283,584"
600760,÷–∫Ω…Ú∑…,2022-11-08,355.4883,361.6008,353.8798,360.6357,5.0401,1.4174,"9,925,067","663,998,224"
600760,÷–∫Ω…Ú∑…,2022-11-09,366.2120,367.9278,356.2926,356.7216,-3.9141,-1.0853,"11,083,685","749,079,568"
600760,÷–∫Ω…Ú∑…,2022-11-10,353.5045,355.4883,348.5180,350.1801,-6.5414,-1.8338,"8,761,447","573,954,000"
600760,÷–∫Ω…Ú∑…,2022-11-11,356.5607,358.1693,348.5180,355.5419,5.3618,1.5312,"12,315,485","811,099,824"
600760,÷–∫Ω…Ú∑…,2022-11-14,355.5419,358.7054,348.5180,352.4857,-3.0562,-0.8596,"9,024,235","595,668,896"
600760,÷–∫Ω…Ú∑…,2022-11-15,349.6440,355.4883,349.5903,354.7913,2.3056,0.6541,"9,665,869","636,842,928"
600760,÷–∫Ω…Ú∑…,2022-11-16,354.8449,366.5337,354.8449,359.7778,4.9865,1.4055,"17,205,965","1,158,864,864"
600760,÷–∫Ω…Ú∑…,2022-11-17,355.6492,357.9548,343.6923,353.0755,-6.7023,-1.8629,"12,998,499","845,071,744"
600760,÷–∫Ω…Ú∑…,2022-11-18,350.6091,353.7726,344.0141,344.7111,-8.3644,-2.3690,"8,355,473","540,474,672"
600760,÷–∫Ω…Ú∑…,2022-11-21,344.6038,346.9094,341.0114,345.5690,0.8579,0.2489,"9,051,580","581,174,240"
600760,÷–∫Ω…Ú∑…,2022-11-22,345.5154,358.9199,344.2285,351.6814,6.1125,1.7688,"15,609,265","1,024,487,616"
600760,÷–∫Ω…Ú∑…,2022-11-23,352.2712,356.8288,346.4269,354.7377,3.0563,0.8690,"9,830,121","645,627,328"
600760,÷–∫Ω…Ú∑…,2022-11-24,354.4160,356.5607,349.1078,350.5555,-4.1823,-1.1790,"6,663,808","438,182,576"
600760,÷–∫Ω…Ú∑…,2022-11-25,351.0917,351.6278,343.1562,343.8532,-6.7023,-1.9119,"6,644,036","430,175,728"
600760,÷–∫Ω…Ú∑…,2022-11-28,338.3842,349.3759,337.7943,346.8022,2.9490,0.8576,"6,073,352","389,618,224"
600760,÷–∫Ω…Ú∑…,2022-11-29,352.2712,359.6169,345.8907,346.9630,0.1609,0.0464,"12,213,958","801,543,072"
600760,÷–∫Ω…Ú∑…,2022-11-30,350.0193,351.1989,333.2904,333.6657,-13.2973,-3.8325,"22,380,778","1,409,042,048"
600760,÷–∫Ω…Ú∑…,2022-12-01,332.5398,336.6684,329.0546,336.2930,2.6273,0.7874,"14,448,753","897,166,528"
600760,÷–∫Ω…Ú∑…,2022-12-02,334.3628,334.5236,330.6095,331.7891,-4.5039,-1.3393,"9,551,057","592,252,800"
600760,÷–∫Ω…Ú∑…,2022-12-05,333.2904,334.3091,323.3174,326.3201,-5.4691,-1.6484,"19,272,428","1,179,693,856"
600760,÷–∫Ω…Ú∑…,2022-12-06,324.1217,328.9473,318.8135,328.9473,2.6273,0.8051,"17,071,336","1,031,046,416"
600760,÷–∫Ω…Ú∑…,2022-12-07,327.0707,333.5049,326.1592,333.5049,4.5576,1.3855,"14,988,299","925,869,648"
600760,÷–∫Ω…Ú∑…,2022-12-08,333.9875,334.3628,324.8188,325.5694,-7.9355,-2.3794,"12,168,407","746,199,728"
600760,÷–∫Ω…Ú∑…,2022-12-09,325.5694,327.4997,318.8135,319.7787,-5.7907,-1.7787,"14,207,337","850,120,288"
600760,÷–∫Ω…Ú∑…,2022-12-12,318.7063,324.3362,314.2024,321.8161,2.0375,0.6372,"11,345,876","675,229,040"
600760,÷–∫Ω…Ú∑…,2022-12-13,321.7089,321.7625,316.4007,317.3122,-4.5039,-1.3995,"6,653,293","395,203,728"
600760,÷–∫Ω…Ú∑…,2022-12-14,316.9369,322.5132,316.3471,319.8323,2.5201,0.7942,"6,071,439","362,794,688"
600760,÷–∫Ω…Ú∑…,2022-12-15,318.3846,322.1915,318.3846,320.2076,0.3753,0.1174,"4,846,545","289,423,024"
600760,÷–∫Ω…Ú∑…,2022-12-16,319.5106,320.1004,312.5938,314.3632,-5.8444,-1.8252,"6,500,460","382,156,032"
600760,÷–∫Ω…Ú∑…,2022-12-19,313.7198,316.0254,308.5724,309.5912,-4.7720,-1.5180,"6,777,202","393,642,704"
600760,÷–∫Ω…Ú∑…,2022-12-20,309.4303,314.5777,309.3767,313.8270,4.2358,1.3682,"7,562,617","440,897,200"
600760,÷–∫Ω…Ú∑…,2022-12-21,313.6126,317.7948,311.0925,312.9691,-0.8579,-0.2734,"6,038,577","354,519,792"
600760,÷–∫Ω…Ú∑…,2022-12-22,311.7896,317.4195,306.1596,313.1300,0.1609,0.0514,"6,778,508","393,626,768"
600760,÷–∫Ω…Ú∑…,2022-12-23,311.0925,312.5938,300.7978,302.6745,-10.4555,-3.3390,"8,195,404","467,335,056"
600760,÷–∫Ω…Ú∑…,2022-12-26,302.9425,317.5267,302.9425,317.3122,14.6378,4.8361,"14,165,332","824,420,416"
600760,÷–∫Ω…Ú∑…,2022-12-27,316.8833,319.7250,313.8270,316.2398,-1.0724,-0.3380,"6,258,755","368,994,640"
600760,÷–∫Ω…Ú∑…,2022-12-28,316.2935,316.2935,306.9103,308.8405,-7.3993,-2.3398,"7,899,776","458,028,560"
600760,÷–∫Ω…Ú∑…,2022-12-29,309.3767,319.0280,307.2320,313.5589,4.7184,1.5278,"9,961,254","583,341,104"
600760,÷–∫Ω…Ú∑…,2022-12-30,313.5053,317.7411,310.9853,314.3632,0.8043,0.2565,"6,556,715","384,817,744"
600760,÷–∫Ω…Ú∑…,2023-01-03,313.1836,324.9260,312.7010,324.0145,9.6513,3.0701,"13,545,769","811,266,976"
600760,÷–∫Ω…Ú∑…,2023-01-04,323.6392,323.7464,317.5267,320.3684,-3.6461,-1.1253,"7,151,213","427,271,392"
600760,÷–∫Ω…Ú∑…,2023-01-05,320.4221,323.2638,319.2961,322.6740,2.3056,0.7197,"7,794,901","467,346,848"
600760,÷–∫Ω…Ú∑…,2023-01-06,320.9583,322.7813,320.4757,321.8698,-0.8043,-0.2493,"6,336,497","379,926,080"
600760,÷–∫Ω…Ú∑…,2023-01-09,321.9234,323.9073,311.8432,313.5589,-8.3108,-2.5820,"12,150,775","715,386,080"
600760,÷–∫Ω…Ú∑…,2023-01-10,313.9343,315.7573,307.6609,309.2695,-4.2894,-1.3680,"11,801,763","680,782,688"
600760,÷–∫Ω…Ú∑…,2023-01-11,308.3580,313.6662,307.0711,309.1086,-0.1609,-0.0520,"7,168,498","414,274,768"
600760,÷–∫Ω…Ú∑…,2023-01-12,314.2024,315.8109,307.5537,308.4652,-0.6434,-0.2082,"8,921,236","516,405,552"
600760,÷–∫Ω…Ú∑…,2023-01-13,309.1623,310.3419,306.8031,309.5376,1.0724,0.3476,"5,721,587","329,353,552"
600760,÷–∫Ω…Ú∑…,2023-01-16,309.6448,314.5777,308.5724,313.1300,3.5924,1.1606,"10,509,019","612,020,272"
600760,÷–∫Ω…Ú∑…,2023-01-17,314.2024,316.8833,310.8780,315.5428,2.4128,0.7705,"9,000,515","528,641,616"
600760,÷–∫Ω…Ú∑…,2023-01-18,315.5428,316.8297,314.2560,315.5428,0.0000,0.0000,"4,925,860","289,962,704"
600760,÷–∫Ω…Ú∑…,2023-01-19,312.5938,319.8323,312.5938,319.2425,3.6996,1.1725,"7,186,293","425,080,160"
600760,÷–∫Ω…Ú∑…,2023-01-20,319.2425,321.4944,317.8484,319.4033,0.1609,0.0504,"6,244,611","371,972,544"
600760,÷–∫Ω…Ú∑…,2023-01-30,323.7464,331.8964,320.9046,328.3575,8.9542,2.8034,"21,581,542","1,315,909,664"
600760,÷–∫Ω…Ú∑…,2023-01-31,325.8911,328.7329,325.4622,327.3924,-0.9651,-0.2939,"8,892,607","542,655,920"
600760,÷–∫Ω…Ú∑…,2023-02-01,327.7678,328.6793,323.5855,328.6793,1.2868,0.3931,"9,983,120","608,360,688"
600760,÷–∫Ω…Ú∑…,2023-02-02,330.2342,331.2529,320.7438,321.6553,-7.0240,-2.1370,"16,717,960","1,012,234,960"
600760,÷–∫Ω…Ú∑…,2023-02-03,321.7089,324.6043,317.4731,324.2289,2.5736,0.8001,"11,518,702","689,317,088"
600760,÷–∫Ω…Ú∑…,2023-02-06,322.2451,326.7490,320.4757,321.2263,-3.0026,-0.9261,"7,552,587","455,151,456"
600760,÷–∫Ω…Ú∑…,2023-02-07,321.7089,323.5319,316.3471,318.3846,-2.8418,-0.8847,"9,170,419","545,288,928"
600760,÷–∫Ω…Ú∑…,2023-02-08,318.4918,318.7599,313.6126,313.6126,-4.7720,-1.4988,"7,971,213","468,627,776"
600760,÷–∫Ω…Ú∑…,2023-02-09,313.2372,317.8484,312.4866,317.0441,3.4315,1.0942,"7,996,215","471,734,224"
600760,÷–∫Ω…Ú∑…,2023-02-10,316.2935,316.8833,310.9853,312.3793,-4.6648,-1.4713,"10,956,625","639,373,232"
600760,÷–∫Ω…Ú∑…,2023-02-13,312.3793,315.5964,311.3606,313.1300,0.7507,0.2403,"10,911,929","637,213,760"
600760,÷–∫Ω…Ú∑…,2023-02-14,312.5938,312.7547,308.8405,311.0925,-2.0375,-0.6507,"10,485,673","606,620,272"
600760,÷–∫Ω…Ú∑…,2023-02-15,311.1461,313.6662,309.2695,313.3445,2.2520,0.7239,"8,241,656","479,130,480"
600760,÷–∫Ω…Ú∑…,2023-02-16,312.2185,314.3632,305.7843,308.5188,-4.8256,-1.5400,"12,548,197","727,627,776"
600760,÷–∫Ω…Ú∑…,2023-02-17,308.1971,309.0014,302.9425,304.4975,-4.0214,-1.3034,"11,361,571","646,374,272"
600760,÷–∫Ω…Ú∑…,2023-02-20,303.8540,307.0175,302.9962,306.3741,1.8766,0.6163,"6,531,218","372,001,168"
600760,÷–∫Ω…Ú∑…,2023-02-21,306.4814,311.8968,306.4814,310.6100,4.2358,1.3826,"9,335,298","539,815,008"
600760,÷–∫Ω…Ú∑…,2023-02-22,308.7333,311.8968,308.3044,309.5376,-1.0724,-0.3453,"5,892,134","340,456,416"
600760,÷–∫Ω…Ú∑…,2023-02-23,310.0738,310.1810,305.6234,306.6958,-2.8417,-0.9181,"6,276,809","360,568,480"
600760,÷–∫Ω…Ú∑…,2023-02-24,308.1971,317.5803,308.1971,313.3445,6.6486,2.1678,"21,747,254","1,274,856,000"
600760,÷–∫Ω…Ú∑…,2023-02-27,314.2024,315.1675,308.1971,309.8593,-3.4852,-1.1122,"12,248,116","710,606,128"
600760,÷–∫Ω…Ú∑…,2023-02-28,309.7520,310.9853,307.6609,310.0201,0.1609,0.0519,"6,064,763","350,029,392"
600760,÷–∫Ω…Ú∑…,2023-03-01,309.3767,310.8780,309.0550,310.6635,0.6434,0.2075,"6,748,516","390,164,656"
600760,÷–∫Ω…Ú∑…,2023-03-02,310.6635,313.1300,307.9826,309.4303,-1.2332,-0.3970,"8,499,254","491,711,072"
600760,÷–∫Ω…Ú∑…,2023-03-03,309.4303,316.5616,308.0899,316.5079,7.0776,2.2873,"22,680,634","1,330,368,896"
600760,÷–∫Ω…Ú∑…,2023-03-06,321.7089,322.5668,313.0228,317.7411,1.2332,0.3896,"23,835,109","1,412,341,008"
600760,÷–∫Ω…Ú∑…,2023-03-07,316.3471,317.2050,311.5751,312.3257,-5.4154,-1.7044,"12,599,922","739,149,744"
600760,÷–∫Ω…Ú∑…,2023-03-08,310.8780,315.8109,309.3231,315.1675,2.8418,0.9099,"9,318,074","544,472,208"
600760,÷–∫Ω…Ú∑…,2023-03-09,314.5241,315.1675,304.4975,305.6234,-9.5440,-3.0282,"19,348,883","1,109,646,192"
600760,÷–∫Ω…Ú∑…,2023-03-10,304.0149,306.5349,303.4787,303.8004,-1.8230,-0.5965,"7,464,055","423,895,888"
600760,÷–∫Ω…Ú∑…,2023-03-13,303.3715,305.5162,301.6021,304.8728,1.0724,0.3530,"5,719,091","323,710,256"
600760,÷–∫Ω…Ú∑…,2023-03-14,304.2830,304.4975,292.7551,297.9561,-6.9167,-2.2687,"10,826,231","603,891,360"
600760,÷–∫Ω…Ú∑…,2023-03-15,299.5646,299.5646,294.3100,295.2215,-2.7345,-0.9178,"8,279,866","457,627,392"
600760,÷–∫Ω…Ú∑…,2023-03-16,293.2913,294.8998,285.0341,286.8571,-8.3644,-2.8333,"10,505,214","566,272,272"
600760,÷–∫Ω…Ú∑…,2023-03-17,288.1440,290.1278,284.8732,287.7686,0.9115,0.3178,"6,405,419","343,828,992"
600760,÷–∫Ω…Ú∑…,2023-03-20,288.9482,292.1653,287.1252,289.1627,1.3941,0.4845,"5,932,103","320,712,240"
600760,÷–∫Ω…Ú∑…,2023-03-21,293.7202,305.0873,292.8087,297.9024,8.7397,3.0224,"15,085,164","843,950,272"
600760,÷–∫Ω…Ú∑…,2023-03-22,297.5807,297.5807,292.2189,294.0956,-3.8069,-1.2779,"8,621,960","472,923,376"
600760,÷–∫Ω…Ú∑…,2023-03-23,292.7551,295.9722,290.9321,295.9185,1.8230,0.6199,"7,339,906","401,287,568"
600760,÷–∫Ω…Ú∑…,2023-03-24,294.8998,295.9185,293.4521,293.9347,-1.9839,-0.6704,"5,349,860","293,741,216"
600760,÷–∫Ω…Ú∑…,2023-03-27,294.2564,294.3636,288.8946,289.6989,-4.2358,-1.4411,"6,609,035","357,397,216"
600760,÷–∫Ω…Ú∑…,2023-03-28,290.4495,292.0044,286.0528,287.0716,-2.6273,-0.9069,"6,173,202","331,981,152"
600760,÷–∫Ω…Ú∑…,2023-03-29,287.2324,287.3397,284.2298,286.4281,-0.6434,-0.2241,"5,579,047","297,095,088"
600760,÷–∫Ω…Ú∑…,2023-03-30,286.5890,287.8758,284.7660,287.8222,1.3941,0.4867,"5,064,453","270,454,064"
600760,÷–∫Ω…Ú∑…,2023-03-31,288.0903,289.5380,286.7498,288.6801,0.8579,0.2981,"5,054,681","271,881,824"
600760,÷–∫Ω…Ú∑…,2023-04-03,288.6801,292.7551,287.8758,291.5219,2.8418,0.9844,"7,611,228","412,553,088"
600760,÷–∫Ω…Ú∑…,2023-04-04,291.3610,292.4870,286.3209,288.8946,-2.6273,-0.9012,"7,606,871","409,924,288"
600760,÷–∫Ω…Ú∑…,2023-04-06,288.0903,290.9857,286.2673,290.6104,1.7158,0.5939,"7,241,056","390,871,520"
600760,÷–∫Ω…Ú∑…,2023-04-07,290.8249,292.7551,290.4495,291.5755,0.9651,0.3321,"6,035,026","328,446,320"
600760,÷–∫Ω…Ú∑…,2023-04-10,295.9722,298.2242,292.8087,293.8811,2.3056,0.7907,"9,257,402","510,620,240"
600760,÷–∫Ω…Ú∑…,2023-04-11,293.8811,295.4896,292.2725,293.5594,-0.3217,-0.1095,"4,227,743","231,492,699"
600760,÷–∫Ω…Ú∑…,2023-04-12,293.6130,294.8998,292.2189,293.7202,0.1609,0.0548,"4,065,882","222,494,757"
600760,÷–∫Ω…Ú∑…,2023-04-13,293.9347,296.0794,289.5380,294.8462,1.1260,0.3834,"6,462,381","353,540,800"
600760,÷–∫Ω…Ú∑…,2023-04-14,294.8998,295.4360,291.6827,294.0956,-0.7507,-0.2546,"4,429,737","242,360,939"
600760,÷–∫Ω…Ú∑…,2023-04-17,293.6130,298.1169,291.6827,297.9561,3.8605,1.3127,"7,941,953","437,867,488"
600760,÷–∫Ω…Ú∑…,2023-04-18,298.1169,307.5537,296.6692,303.2106,5.2546,1.7635,"16,112,549","908,667,520"
600760,÷–∫Ω…Ú∑…,2023-04-19,302.8353,304.2294,299.4574,301.3876,-1.8230,-0.6012,"8,076,478","453,718,864"
600760,÷–∫Ω…Ú∑…,2023-04-20,300.5833,301.3340,297.0446,299.2965,-2.0911,-0.6938,"5,985,703","333,536,752"
600760,÷–∫Ω…Ú∑…,2023-04-21,298.0633,308.3044,297.8488,303.5323,4.2358,1.4153,"14,727,178","838,858,976"
600760,÷–∫Ω…Ú∑…,2023-04-24,301.8702,308.3044,296.2403,305.3554,1.8230,0.6006,"10,298,836","583,087,680"
600760,÷–∫Ω…Ú∑…,2023-04-25,308.1971,310.3955,303.9613,305.0337,-0.3217,-0.1054,"12,003,174","687,773,504"
600760,÷–∫Ω…Ú∑…,2023-04-26,303.8540,307.8218,300.8514,306.9639,1.9302,0.6328,"10,529,578","598,886,272"
600760,÷–∫Ω…Ú∑…,2023-04-27,307.0175,309.3767,304.0685,308.0363,1.0724,0.3494,"8,446,732","484,053,472"
600760,÷–∫Ω…Ú∑…,2023-04-28,306.4814,309.4303,306.3205,308.3580,0.3217,0.1044,"8,177,223","469,622,560"
600760,÷–∫Ω…Ú∑…,2023-05-04,307.3929,310.1810,303.4787,303.5323,-4.8256,-1.5649,"8,414,134","479,691,376"
600760,÷–∫Ω…Ú∑…,2023-05-05,303.2643,305.3554,298.3850,300.3152,-3.2171,-1.0599,"7,606,055","426,646,080"
600760,÷–∫Ω…Ú∑…,2023-05-08,300.3152,314.8994,300.1544,314.3096,13.9944,4.6599,"21,318,242","1,237,009,344"
600760,÷–∫Ω…Ú∑…,2023-05-09,316.0790,330.3950,315.5428,317.2050,2.8954,0.9212,"31,168,385","1,876,444,240"
600760,÷–∫Ω…Ú∑…,2023-05-10,317.0977,317.0977,303.8004,307.3392,-9.8658,-3.1102,"16,960,342","974,281,088"
600760,÷–∫Ω…Ú∑…,2023-05-11,305.8915,310.2346,304.6047,308.2508,0.9115,0.2966,"6,699,054","384,791,408"
600760,÷–∫Ω…Ú∑…,2023-05-12,307.8218,308.0899,302.1383,306.4277,-1.8230,-0.5914,"8,407,287","477,741,888"
600760,÷–∫Ω…Ú∑…,2023-05-15,305.6771,321.4408,304.6583,320.5829,14.1552,4.6194,"20,233,130","1,193,411,168"
600760,÷–∫Ω…Ú∑…,2023-05-16,319.8323,322.9421,316.3471,320.5829,0.0000,0.0000,"11,516,595","688,432,304"
600760,÷–∫Ω…Ú∑…,2023-05-17,320.3684,330.5559,317.0441,325.5694,4.9865,1.5554,"18,315,518","1,110,510,656"
600760,÷–∫Ω…Ú∑…,2023-05-18,325.5158,325.5694,320.3684,320.8510,-4.7184,-1.4493,"8,494,652","510,342,688"
600760,÷–∫Ω…Ú∑…,2023-05-19,319.5106,325.3013,317.6339,319.6178,-1.2332,-0.3844,"8,677,333","519,726,656"
600760,÷–∫Ω…Ú∑…,2023-05-22,319.6178,322.9958,315.2747,318.6527,-0.9651,-0.3020,"6,939,840","412,604,544"
600760,÷–∫Ω…Ú∑…,2023-05-23,319.0280,319.2961,310.9853,311.3070,-7.3457,-2.3052,"8,824,270","515,330,032"
600760,÷–∫Ω…Ú∑…,2023-05-24,309.3767,316.1326,307.2320,310.9853,-0.3217,-0.1033,"7,491,539","435,556,640"
600760,÷–∫Ω…Ú∑…,2023-05-25,310.0738,320.0467,309.1623,316.1862,5.2010,1.6724,"8,024,716","473,272,176"
,,,,,,,,,,
,,,,,,,,,,
,,,,,,,,,,
,,,,,,,,,,
,,,,,,,,,,
 ˝æ›¿¥‘¥£∫∂´∑Ω≤∆∏ªChoice ˝æ›,,,,,,,,,,
